{
  "type": "FeatureCollection",
  "features": [
    {
      "type": "Feature",
      "geometry": {
        "type": "Point",
        "coordinates": [
          1.7970223,
          50.9158264
        ]
      },
      "properties": {
        "nom": "Alleux",
        "type": "SP",
        "SAT": "SAT4",
    "acces": "",
    "appareil": "6190JH",
        "description": "",
        "hors_patrimoine": true
      }
    },
    {
      "type": "Feature",
      "geometry": {
        "type": "Point",
        "coordinates": [
          1.7910338938236106,
          50.91879953775369
        ]
      },
      "properties": {
        "nom": "Alleux",
        "type": "SP",
        "SAT": "SAT4",
        "acces": "",
        "appareil": "6137JH",
        "description": "",
        "hors_patrimoine": true
      }
    },
    {
      "type": "Feature",
      "geometry": {
        "type": "Point",
        "coordinates": [
          1.7910911142826218,
          50.918785587651385
        ]
      },
      "properties": {
        "nom": "Alleux",
        "type": "SP",
        "SAT": "SAT4",
        "acces": "",
        "appareil": "6139JT",
        "description": "Sectionneur manuel",
        "hors_patrimoine": true
      }
    },
    {
      "type": "Feature",
      "geometry": {
        "type": "Point",
        "coordinates": [
          1.7927180975675585,
          50.917995920481125
        ]
      },
      "properties": {
        "nom": "Alleux",
        "type": "SP",
        "SAT": "SAT4",
        "acces": "",
        "appareil": "SM1",
        "description": ""
      }
    },
    {
      "type": "Feature",
      "geometry": {
        "type": "Point",
        "coordinates": [
          1.7970623821020264,
          50.91579678742876
        ]
      },
      "properties": {
        "nom": "Alleux",
        "type": "SP",
        "SAT": "SAT4",
        "acces": "",
        "appareil": "6192JT",
        "description": "Sectionneur manuel",
        "hors_patrimoine": true
      }
    },
    {
      "type": "Feature",
      "geometry": {
        "type": "Point",
        "coordinates": [
          1.801629,
          50.913599
        ]
      },
      "properties": {
        "nom": "Alleux",
        "type": "SP",
        "SAT": "SAT2",
        "accès": "",
        "appareil": "I7114",
        "description": ""
      }
    },
    {
      "type": "Feature",
      "geometry": {
        "type": "Point",
        "coordinates": [
          1.801629,
          50.913599
        ]
      },
      "properties": {
        "nom": "Alleux",
        "type": "SP",
        "SAT": "SAT2",
        "accès": "",
        "appareil": "T14",
        "description": "",
        "hors_patrimoine": true
      }
    },
    {
      "type": "Feature",
      "geometry": {
        "type": "Point",
        "coordinates": [
          1.802063,
          50.913355
        ]
      },
      "properties": {
        "nom": "Alleux",
        "type": "SP",
        "SAT": "SAT2",
        "accès": "",
        "appareil": "I7111",
        "description": ""
      }
    },
    {
      "type": "Feature",
      "geometry": {
        "type": "Point",
        "coordinates": [
          1.802063,
          50.913355
        ]
      },
      "properties": {
        "nom": "Alleux",
        "type": "SP",
        "SAT": "SAT2",
        "accès": "",
        "appareil": "T11",
        "description": "",
        "hors_patrimoine": true
      }
    },
    {
      "type": "Feature",
      "geometry": {
        "type": "Point",
        "coordinates": [
          1.79863,
          50.91475
        ]
      },
      "properties": {
        "nom": "Alleux",
        "type": "SP",
        "SAT": "",
        "acces": "",
        "appareil": "T2",
        "description": "Motorisé"
      }
    },
    {
      "type": "Feature",
      "geometry": {
        "type": "Point",
        "coordinates": [
          1.79863,
          50.91475
        ]
      },
      "properties": {
        "nom": "Alleux",
        "type": "SP",
        "SAT": "",
        "acces": "",
        "appareil": "TT7116",
        "description": ""
      }
    },
    {
      "type": "Feature",
      "geometry": {
        "type": "Point",
        "coordinates": [
          1.79863,
          50.91475
        ]
      },
      "properties": {
        "nom": "Alleux",
        "type": "SP",
        "SAT": "",
        "acces": "",
        "appareil": "TT7120",
        "description": ""
      }
    },
    {
      "type": "Feature",
      "geometry": {
        "type": "Point",
        "coordinates": [
          1.79859,
          50.91477
        ]
      },
      "properties": {
        "nom": "Alleux",
        "type": "SP",
        "SAT": "",
        "acces": "",
        "appareil": "T1/2",
        "description": "",
        "hors_patrimoine": true
      }
    },
    {
      "type": "Feature",
      "geometry": {
        "type": "Point",
        "coordinates": [
          1.79854,
          50.9148
        ]
      },
      "properties": {
        "nom": "Alleux",
        "type": "SP",
        "SAT": "",
        "acces": "",
        "appareil": "T1",
        "description": ""
      }
    },
    {
      "type": "Feature",
      "geometry": {
        "type": "Point",
        "coordinates": [
          1.79854,
          50.9148
        ]
      },
      "properties": {
        "nom": "Alleux",
        "type": "SP",
        "SAT": "",
        "acces": "",
        "appareil": "TT7117",
        "description": ""
      }
    },
    {
      "type": "Feature",
      "geometry": {
        "type": "Point",
        "coordinates": [
          1.79854,
          50.9148
        ]
      },
      "properties": {
        "nom": "Alleux",
        "type": "SP",
        "SAT": "",
        "acces": "",
        "appareil": "TT7113",
        "description": ""
      }
    },
    {
      "type": "Feature",
      "geometry": {
        "type": "Point",
        "coordinates": [
          1.79833,
          50.91502
        ]
      },
      "properties": {
        "nom": "Alleux",
        "type": "SP",
        "SAT": "",
        "acces": "",
        "appareil": "SM3",
        "description": ""
      }
    },
    {
      "type": "Feature",
      "geometry": {
        "type": "Point",
        "coordinates": [
          1.79851,
          50.91491
        ]
      },
      "properties": {
        "nom": "Alleux",
        "type": "SP",
        "SAT": "",
        "acces": "",
        "appareil": "IP3",
        "description": ""
      }
    },
    {
      "type": "Feature",
      "geometry": {
        "type": "Point",
        "coordinates": [
          1.79851,
          50.91491
        ]
      },
      "properties": {
        "nom": "Alleux",
        "type": "SP",
        "SAT": "",
        "acces": "",
        "appareil": "T3",
        "description": "",
        "hors_patrimoine": true
      }
    },
    {
      "type": "Feature",
      "geometry": {
        "type": "Point",
        "coordinates": [
          1.79856,
          50.91488
        ]
      },
      "properties": {
        "nom": "Alleux",
        "type": "SP",
        "SAT": "",
        "acces": "",
        "appareil": "TT7304",
        "description": ""
      }
    },
    {
      "type": "Feature",
      "geometry": {
        "type": "Point",
        "coordinates": [
          1.79885,
          50.91506
        ]
      },
      "properties": {
        "nom": "Alleux",
        "type": "SP",
        "SAT": "",
        "acces": "",
        "appareil": "SM2",
        "description": ""
      }
    },
    {
      "type": "Feature",
      "geometry": {
        "type": "Point",
        "coordinates": [
          1.79843,
          50.91476
        ]
      },
      "properties": {
        "nom": "Alleux",
        "type": "SP",
        "SAT": "",
        "acces": "",
        "appareil": "D1",
        "description": ""
      }
    },
    {
      "type": "Feature",
      "geometry": {
        "type": "Point",
        "coordinates": [
          1.79843,
          50.91474
        ]
      },
      "properties": {
        "nom": "Alleux",
        "type": "SP",
        "SAT": "",
        "acces": "",
        "appareil": "TT D1",
        "description": ""
      }
    },
    {
      "type": "Feature",
      "geometry": {
        "type": "Point",
        "coordinates": [
          1.79843,
          50.91474
        ]
      },
      "properties": {
        "nom": "Alleux",
        "type": "SP",
        "SAT": "",
        "acces": "",
        "appareil": "TC D1",
        "description": ""
      }
    },
    {
      "type": "Feature",
      "geometry": {
        "type": "Point",
        "coordinates": [
          1.79851,
          50.91469
        ]
      },
      "properties": {
        "nom": "Alleux",
        "type": "SP",
        "SAT": "",
        "acces": "",
        "appareil": "TT D2",
        "description": ""
      }
    },
    {
      "type": "Feature",
      "geometry": {
        "type": "Point",
        "coordinates": [
          1.79851,
          50.91469
        ]
      },
      "properties": {
        "nom": "Alleux",
        "type": "SP",
        "SAT": "",
        "acces": "",
        "appareil": "TC D2",
        "description": ""
      }
    },
    {
      "type": "Feature",
      "geometry": {
        "type": "Point",
        "coordinates": [
          1.79852,
          50.91471
        ]
      },
      "properties": {
        "nom": "Alleux",
        "type": "SP",
        "SAT": "",
        "acces": "",
        "appareil": "D2",
        "description": ""
      }
    },
    {
      "type": "Feature",
      "geometry": {
        "type": "Point",
        "coordinates": [
          1.79847,
          50.91471
        ]
      },
      "properties": {
        "nom": "Alleux",
        "type": "SP",
        "SAT": "",
        "acces": "",
        "appareil": "SI D1/D2",
        "description": ""
      }
    },
    {
      "type": "Feature",
      "geometry": {
        "type": "Point",
        "coordinates": [
          1.79847,
          50.91471
        ]
      },
      "properties": {
        "nom": "Alleux",
        "type": "SP",
        "SAT": "",
        "acces": "",
        "appareil": "TSA",
        "description": ""
      }
    },
    {
      "type": "Feature",
      "geometry": {
        "type": "Point",
        "coordinates": [
          1.8052636,
          50.9108956
        ]
      },
      "properties": {
        "nom": "Alleux",
        "type": "SP",
        "SAT": "SAT1",
        "acces": "",
        "appareil": "I7112",
        "description": ""
      }
    },
    {
      "type": "Feature",
      "geometry": {
        "type": "Point",
        "coordinates": [
          1.8052636,
          50.9108956
        ]
      },
      "properties": {
        "nom": "Alleux",
        "type": "SP",
        "SAT": "SAT1",
        "acces": "",
        "appareil": "T12",
        "description": "",
        "hors_patrimoine": true
      }
    },
    {
      "type": "Feature",
      "geometry": {
        "type": "Point",
        "coordinates": [
          1.80398,
          50.91268
        ]
      },
      "properties": {
        "nom": "Alleux",
        "type": "SP",
        "SAT": "SAT3",
        "acces": "",
        "appareil": "IMP Tunnel",
        "description": ""
      }
    },
    {
      "type": "Feature",
      "geometry": {
        "type": "Point",
        "coordinates": [
          1.80398,
          50.91268
        ]
      },
      "properties": {
        "nom": "Alleux",
        "type": "SP",
        "SAT": "SAT3",
        "acces": "",
        "appareil": "T7",
        "description": "",
        "hors_patrimoine": true
      }
    },
    {
      "type": "Feature",
      "geometry": {
        "type": "Point",
        "coordinates": [
          1.80382,
          50.91272
        ]
      },
      "properties": {
        "nom": "Alleux",
        "type": "SP",
        "SAT": "SAT3",
        "acces": "",
        "appareil": "IP4",
        "description": ""
      }
    },
    {
      "type": "Feature",
      "geometry": {
        "type": "Point",
        "coordinates": [
          1.80382,
          50.91272
        ]
      },
      "properties": {
        "nom": "Alleux",
        "type": "SP",
        "SAT": "SAT3",
        "acces": "",
        "appareil": "T4",
        "description": "",
        "hors_patrimoine": true
      }
    },
    {
      "type": "Feature",
      "geometry": {
        "type": "Point",
        "coordinates": [
          1.8037,
          50.91274
        ]
      },
      "properties": {
        "nom": "Alleux",
        "type": "SP",
        "SAT": "SAT3",
        "acces": "",
        "appareil": "SM4",
        "description": ""
      }
    },
    {
      "type": "Feature",
      "geometry": {
        "type": "Point",
        "coordinates": [
          1.8039399,
          50.9125812
        ]
      },
      "properties": {
        "nom": "Alleux",
        "type": "SP",
        "SAT": "SAT3",
        "acces": "",
        "appareil": "TT7305",
        "description": ""
      }
    },
    {
      "type": "Feature",
      "geometry": {
        "type": "Point",
        "coordinates": [
          2.103808,
          50.8715012
        ]
      },
      "properties": {
        "nom": "Audruicq",
        "type": "L",
        "SAT": "",
        "acces": "",
        "appareil": "I5425",
        "description": ""
      }
    },
    {
      "type": "Feature",
      "geometry": {
        "type": "Point",
        "coordinates": [
          2.1009908,
          50.8719997
        ]
      },
      "properties": {
        "nom": "Audruicq",
        "type": "L",
        "SAT": "",
        "acces": "",
        "appareil": "I5426",
        "description": "Bipolaire"
      }
    },
    {
      "type": "Feature",
      "geometry": {
        "type": "Point",
        "coordinates": [
          2.0976078,
          50.8724021
        ]
      },
      "properties": {
        "nom": "Audruicq",
        "type": "L",
        "SAT": "",
        "acces": "",
        "appareil": "I5427",
        "description": ""
      }
    },
    {
      "type": "Feature",
      "geometry": {
        "type": "Point",
        "coordinates": [
          2.1016319,
          50.8718166
        ]
      },
      "properties": {
        "nom": "Audruicq",
        "type": "L",
        "SAT": "",
        "acces": "",
        "appareil": "TT5425",
        "description": ""
      }
    },
    {
      "type": "Feature",
      "geometry": {
        "type": "Point",
        "coordinates": [
          2.6325533,
          50.5239895
        ]
      },
      "properties": {
        "nom": "Bethune",
        "type": "",
        "SAT": "",
        "acces": "230-37A",
        "appareil": "230-37A",
        "description": "A manœuvrer lors de consignation du TT l'IA de Bethune à la demande du RSS",
        "hors_patrimoine": true
      }
    },
    {
      "type": "Feature",
      "geometry": {
        "type": "Point",
        "coordinates": [
          2.6296007,
          50.5248956
        ]
      },
      "properties": {
        "nom": "Bethune",
        "type": "SSP",
        "SAT": "",
        "acces": "",
        "appareil": "IL1",
        "description": ""
      }
    },
    {
      "type": "Feature",
      "geometry": {
        "type": "Point",
        "coordinates": [
          2.6296007,
          50.5248956
        ]
      },
      "properties": {
        "nom": "Bethune",
        "type": "SSP",
        "SAT": "",
        "acces": "",
        "appareil": "IL3",
        "description": ""
      }
    },
    {
      "type": "Feature",
      "geometry": {
        "type": "Point",
        "coordinates": [
          2.629771,
          50.5248478
        ]
      },
      "properties": {
        "nom": "Bethune",
        "type": "SSP",
        "SAT": "",
        "acces": "",
        "appareil": "IL2",
        "description": ""
      }
    },
    {
      "type": "Feature",
      "geometry": {
        "type": "Point",
        "coordinates": [
          2.629771,
          50.5248478
        ]
      },
      "properties": {
        "nom": "Bethune",
        "type": "SSP",
        "SAT": "",
        "acces": "",
        "appareil": "IL4",
        "description": ""
      }
    },
    {
      "type": "Feature",
      "geometry": {
        "type": "Point",
        "coordinates": [
          2.6296651,
          50.5248794
        ]
      },
      "properties": {
        "nom": "Bethune",
        "type": "SSP",
        "SAT": "",
        "acces": "",
        "appareil": "TSA",
        "description": ""
      }
    },
    {
      "type": "Feature",
      "geometry": {
        "type": "Point",
        "coordinates": [
          2.6294411,
          50.5249433
        ]
      },
      "properties": {
        "nom": "Bethune",
        "type": "SSP",
        "SAT": "",
        "acces": "",
        "appareil": "TT7",
        "description": ""
      }
    },
    {
      "type": "Feature",
      "geometry": {
        "type": "Point",
        "coordinates": [
          1.8582225,
          50.9350942
        ]
      },
      "properties": {
        "nom": "Bif coulogne",
        "type": "L",
        "SAT": "",
        "acces": "",
        "appareil": "IL5",
        "description": "Support 43-28B"
      }
    },
    {
      "type": "Feature",
      "geometry": {
        "type": "Point",
        "coordinates": [
          1.8582225,
          50.9350942
        ]
      },
      "properties": {
        "nom": "Bif coulogne",
        "type": "L",
        "SAT": "",
        "acces": "",
        "appareil": "TT 7250a",
        "description": "Support 43-28B"
      }
    },
    {
      "type": "Feature",
      "geometry": {
        "type": "Point",
        "coordinates": [
          1.8582225,
          50.9350942
        ]
      },
      "properties": {
        "nom": "Bif coulogne",
        "type": "L",
        "SAT": "",
        "acces": "",
        "appareil": "TC 7250a",
        "description": "Support 43-28B"
      }
    },
    {
      "type": "Feature",
      "geometry": {
        "type": "Point",
        "coordinates": [
          1.857725,
          50.93504
        ]
      },
      "properties": {
        "nom": "Bif coulogne",
        "type": "L",
        "SAT": "",
        "acces": "",
        "appareil": "S7233-7250",
        "description": "Support 103-51B"
      }
    },
    {
      "type": "Feature",
      "geometry": {
        "type": "Point",
        "coordinates": [
          2.2619122,
          50.9926669
        ]
      },
      "properties": {
        "nom": "Bif puyt houck ouest",
        "type": "L",
        "SAT": "",
        "acces": "",
        "appareil": "I31",
        "description": ""
      }
    },
    {
      "type": "Feature",
      "geometry": {
        "type": "Point",
        "coordinates": [
          2.2619477,
          50.9926678
        ]
      },
      "properties": {
        "nom": "Bif puyt houck ouest",
        "type": "L",
        "SAT": "",
        "acces": "",
        "appareil": "TT25",
        "description": ""
      }
    },
    {
      "type": "Feature",
      "geometry": {
        "type": "Point",
        "coordinates": [
          1.8120784,
          50.8444542
        ]
      },
      "properties": {
        "nom": "Caffiers",
        "type": "L",
        "SAT": "",
        "acces": "",
        "appareil": "I5932",
        "description": ""
      }
    },
    {
      "type": "Feature",
      "geometry": {
        "type": "Point",
        "coordinates": [
          1.8120784,
          50.8444542
        ]
      },
      "properties": {
        "nom": "Caffiers",
        "type": "L",
        "SAT": "",
        "acces": "",
        "appareil": "TT5838",
        "description": ""
      }
    },
    {
      "type": "Feature",
      "geometry": {
        "type": "Point",
        "coordinates": [
          1.8129268,
          50.8455386
        ]
      },
      "properties": {
        "nom": "Caffiers",
        "type": "L",
        "SAT": "",
        "acces": "",
        "appareil": "I5935",
        "description": ""
      }
    },
    {
      "type": "Feature",
      "geometry": {
        "type": "Point",
        "coordinates": [
          2.4729193,
          50.7806138
        ]
      },
      "properties": {
        "nom": "Cassel",
        "type": "S",
        "SAT": "",
        "acces": "",
        "appareil": "I2",
        "description": ""
      }
    },
    {
      "type": "Feature",
      "geometry": {
        "type": "Point",
        "coordinates": [
          2.4754668,
          50.7781429
        ]
      },
      "properties": {
        "nom": "Cassel",
        "type": "S",
        "SAT": "SAT1",
        "acces": "",
        "appareil": "TT4",
        "description": ""
      }
    },
    {
      "type": "Feature",
      "geometry": {
        "type": "Point",
        "coordinates": [
          2.4760181,
          50.777684
        ]
      },
      "properties": {
        "nom": "Cassel",
        "type": "S",
        "SAT": "SAT1",
        "acces": "",
        "appareil": "TT604",
        "description": ""
      }
    },
    {
      "type": "Feature",
      "geometry": {
        "type": "Point",
        "coordinates": [
          2.4706149,
          50.7825535
        ]
      },
      "properties": {
        "nom": "Cassel",
        "type": "S",
        "SAT": "SAT2",
        "acces": "",
        "appareil": "I3",
        "description": ""
      }
    },
    {
      "type": "Feature",
      "geometry": {
        "type": "Point",
        "coordinates": [
          2.4686116,
          50.7839244
        ]
      },
      "properties": {
        "nom": "Cassel",
        "type": "S",
        "SAT": "SAT2",
        "acces": "",
        "appareil": "I4",
        "description": ""
      }
    },
    {
      "type": "Feature",
      "geometry": {
        "type": "Point",
        "coordinates": [
          1.8340645,
          50.926381
        ]
      },
      "properties": {
        "nom": "Coquelles",
        "type": "L",
        "SAT": "",
        "acces": "",
        "appareil": "I7222",
        "description": "Bipolaire"
      }
    },
    {
      "type": "Feature",
      "geometry": {
        "type": "Point",
        "coordinates": [
          1.832448,
          50.9257194
        ]
      },
      "properties": {
        "nom": "Coquelles",
        "type": "L",
        "SAT": "",
        "acces": "",
        "appareil": "I7223",
        "description": ""
      }
    },
    {
      "type": "Feature",
      "geometry": {
        "type": "Point",
        "coordinates": [
          1.8319107,
          50.9255583
        ]
      },
      "properties": {
        "nom": "Coquelles",
        "type": "L",
        "SAT": "",
        "acces": "",
        "appareil": "SI7225-7323",
        "description": ""
      }
    },
    {
      "type": "Feature",
      "geometry": {
        "type": "Point",
        "coordinates": [
          1.8264294,
          50.922857
        ]
      },
      "properties": {
        "nom": "Coquelles",
        "type": "L",
        "SAT": "SAT1",
        "acces": "",
        "appareil": "I7311",
        "description": ""
      }
    },
    {
      "type": "Feature",
      "geometry": {
        "type": "Point",
        "coordinates": [
          1.8290839,
          50.9242377
        ]
      },
      "properties": {
        "nom": "Coquelles",
        "type": "L",
        "SAT": "SAT2",
        "acces": "",
        "appareil": "I7313",
        "description": ""
      }
    },
    {
      "type": "Feature",
      "geometry": {
        "type": "Point",
        "coordinates": [
          1.8374807,
          50.9287488
        ]
      },
      "properties": {
        "nom": "Coquelles",
        "type": "L",
        "SAT": "SAT2",
        "acces": "",
        "appareil": "SI7315-7360",
        "description": ""
      }
    },
    {
      "type": "Feature",
      "geometry": {
        "type": "Point",
        "coordinates": [
          1.833618,
          50.9266887
        ]
      },
      "properties": {
        "nom": "Coquelles",
        "type": "L",
        "SAT": "SAT3",
        "acces": "",
        "appareil": "SI7326-7351",
        "description": ""
      }
    },
    {
      "type": "Feature",
      "geometry": {
        "type": "Point",
        "coordinates": [
          1.837427,
          50.9287294
        ]
      },
      "properties": {
        "nom": "Coquelles",
        "type": "L",
        "SAT": "SAT4",
        "acces": "",
        "appareil": "I7315",
        "description": ""
      }
    },
    {
      "type": "Feature",
      "geometry": {
        "type": "Point",
        "coordinates": [
          1.8362429,
          50.9274446
        ]
      },
      "properties": {
        "nom": "Coquelles",
        "type": "L",
        "SAT": "SAT5",
        "acces": "",
        "appareil": "I7225",
        "description": ""
      }
    },
    {
      "type": "Feature",
      "geometry": {
        "type": "Point",
        "coordinates": [
          2.3808393,
          51.0058819
        ]
      },
      "properties": {
        "nom": "Coudekerque",
        "type": "SST",
        "SAT": "",
        "acces": "",
        "appareil": "301-40",
        "description": "",
        "hors_patrimoine": true
      }
    },
    {
      "type": "Feature",
      "geometry": {
        "type": "Point",
        "coordinates": [
          2.3805026,
          51.0062885
        ]
      },
      "properties": {
        "nom": "Coudekerque",
        "type": "SST",
        "SAT": "",
        "acces": "",
        "appareil": "301-41",
        "description": "",
        "hors_patrimoine": true
      }
    },
    {
      "type": "Feature",
      "geometry": {
        "type": "Point",
        "coordinates": [
          2.390379,
          50.995516
        ]
      },
      "properties": {
        "nom": "Coudekerque",
        "type": "SST",
        "SAT": "",
        "acces": "",
        "appareil": "TT12",
        "description": "🏗️ Accessible en nacelle"
      }
    },
    {
      "type": "Feature",
      "geometry": {
        "type": "Point",
        "coordinates": [
          2.390696,
          50.995261
        ]
      },
      "properties": {
        "nom": "Coudekerque",
        "type": "SST",
        "SAT": "",
        "acces": "",
        "appareil": "TT11",
        "description": "🏗️ Accessible en nacelle"
      }
    },
    {
      "type": "Feature",
      "geometry": {
        "type": "Point",
        "coordinates": [
          2.390762,
          50.995208
        ]
      },
      "properties": {
        "nom": "Coudekerque",
        "type": "SST",
        "SAT": "",
        "acces": "",
        "appareil": "TT1",
        "description": "🏗️ Accessible en nacelle<br><br> ➡️PA sur TT"
      }
    },
    {
      "type": "Feature",
      "geometry": {
        "type": "Point",
        "coordinates": [
          2.390762,
          50.995208
        ]
      },
      "properties": {
        "nom": "Coudekerque",
        "type": "SST",
        "SAT": "",
        "acces": "",
        "appareil": "TT2",
        "description": "🏗️ Accessible en nacelle"
      }
    },
    {
      "type": "Feature",
      "geometry": {
        "type": "Point",
        "coordinates": [
          2.390762,
          50.995208
        ]
      },
      "properties": {
        "nom": "Coudekerque",
        "type": "SST",
        "SAT": "",
        "acces": "",
        "appareil": "P2",
        "description": ""
      }
    },
    {
      "type": "Feature",
      "geometry": {
        "type": "Point",
        "coordinates": [
          2.39083,
          50.995166
        ]
      },
      "properties": {
        "nom": "Coudekerque",
        "type": "SST",
        "SAT": "",
        "acces": "",
        "appareil": "TT18",
        "description": "🏗️ Accessible en nacelle"
      }
    },
    {
      "type": "Feature",
      "geometry": {
        "type": "Point",
        "coordinates": [
          2.39083,
          50.995166
        ]
      },
      "properties": {
        "nom": "Coudekerque",
        "type": "SST",
        "SAT": "",
        "acces": "",
        "appareil": "TT13",
        "description": "🏗️ Accessible en nacelle<br><br> ➡️PA sur TT"
      }
    },
    {
      "type": "Feature",
      "geometry": {
        "type": "Point",
        "coordinates": [
          2.39083,
          50.995166
        ]
      },
      "properties": {
        "nom": "Coudekerque",
        "type": "SST",
        "SAT": "",
        "acces": "",
        "appareil": "P1",
        "description": ""
      }
    },
    {
      "type": "Feature",
      "geometry": {
        "type": "Point",
        "coordinates": [
          1.86175,
          50.93222
        ]
      },
      "properties": {
        "nom": "Coulogne",
        "type": "SP",
        "SAT": "SAT1",
        "acces": "",
        "appareil": "I5428",
        "description": "Bipolaire - support 103-26A"
      }
    },
    {
      "type": "Feature",
      "geometry": {
        "type": "Point",
        "coordinates": [
          1.86276,
          50.93118
        ]
      },
      "properties": {
        "nom": "Coulogne",
        "type": "SP",
        "SAT": "SAT1",
        "acces": "",
        "appareil": "I5429",
        "description": "Bipolaire - support 103-17A"
      }
    },
    {
      "type": "Feature",
      "geometry": {
        "type": "Point",
        "coordinates": [
          1.8496034,
          50.935767
        ]
      },
      "properties": {
        "nom": "Coulogne",
        "type": "SP",
        "SAT": "SAT2",
        "acces": "",
        "appareil": "I7229",
        "description": "Support 292 8A"
      }
    },
    {
      "type": "Feature",
      "geometry": {
        "type": "Point",
        "coordinates": [
          1.8495269,
          50.935232
        ]
      },
      "properties": {
        "nom": "Coulogne",
        "type": "SP",
        "SAT": "SAT3",
        "acces": "",
        "appareil": "I7228",
        "description": "Support 292 11YB"
      }
    },
    {
      "type": "Feature",
      "geometry": {
        "type": "Point",
        "coordinates": [
          1.8500969,
          50.9355599
        ]
      },
      "properties": {
        "nom": "Coulogne",
        "type": "SP",
        "SAT": "SAT3",
        "acces": "",
        "appareil": "I7230",
        "description": "Support 292 5YB"
      }
    },
    {
      "type": "Feature",
      "geometry": {
        "type": "Point",
        "coordinates": [
          1.8500969,
          50.9355599
        ]
      },
      "properties": {
        "nom": "Coulogne",
        "type": "SP",
        "SAT": "SAT3",
        "acces": "",
        "appareil": "TT7230",
        "description": "🏗️ Accessible en nacelle - Support 292 5YB"
      }
    },
    {
      "type": "Feature",
      "geometry": {
        "type": "Point",
        "coordinates": [
          1.8595414,
          50.9339385
        ]
      },
      "properties": {
        "nom": "Coulogne",
        "type": "SP",
        "SAT": "",
        "acces": "",
        "appareil": "SM1",
        "description": ""
      }
    },
    {
      "type": "Feature",
      "geometry": {
        "type": "Point",
        "coordinates": [
          1.8596634,
          50.9339876
        ]
      },
      "properties": {
        "nom": "Coulogne",
        "type": "SP",
        "SAT": "",
        "acces": "",
        "appareil": "SM2",
        "description": ""
      }
    },
    {
      "type": "Feature",
      "geometry": {
        "type": "Point",
        "coordinates": [
          1.85823,
          50.93467
        ]
      },
      "properties": {
        "nom": "Coulogne",
        "type": "SP",
        "SAT": "",
        "acces": "",
        "appareil": "SAT2",
        "description": ""
      }
    },
    {
      "type": "Feature",
      "geometry": {
        "type": "Point",
        "coordinates": [
          1.85828,
          50.93465
        ]
      },
      "properties": {
        "nom": "Coulogne",
        "type": "SP",
        "SAT": "",
        "acces": "",
        "appareil": "IL3",
        "description": "Bipolaire"
      }
    },
    {
      "type": "Feature",
      "geometry": {
        "type": "Point",
        "coordinates": [
          1.85831,
          50.93464
        ]
      },
      "properties": {
        "nom": "Coulogne",
        "type": "SP",
        "SAT": "",
        "acces": "",
        "appareil": "TSA2",
        "description": ""
      }
    },
    {
      "type": "Feature",
      "geometry": {
        "type": "Point",
        "coordinates": [
          1.85833,
          50.93463
        ]
      },
      "properties": {
        "nom": "Coulogne",
        "type": "SP",
        "SAT": "",
        "acces": "",
        "appareil": "IL4",
        "description": ""
      }
    },
    {
      "type": "Feature",
      "geometry": {
        "type": "Point",
        "coordinates": [
          1.85838,
          50.9346
        ]
      },
      "properties": {
        "nom": "Coulogne",
        "type": "SP",
        "SAT": "",
        "acces": "",
        "appareil": "IP",
        "description": "Bipolaire"
      }
    },
    {
      "type": "Feature",
      "geometry": {
        "type": "Point",
        "coordinates": [
          1.85844,
          50.93457
        ]
      },
      "properties": {
        "nom": "Coulogne",
        "type": "SP",
        "SAT": "",
        "acces": "",
        "appareil": "TSA1",
        "description": ""
      }
    },
    {
      "type": "Feature",
      "geometry": {
        "type": "Point",
        "coordinates": [
          1.85842,
          50.93458
        ]
      },
      "properties": {
        "nom": "Coulogne",
        "type": "SP",
        "SAT": "",
        "acces": "",
        "appareil": "IL2",
        "description": ""
      }
    },
    {
      "type": "Feature",
      "geometry": {
        "type": "Point",
        "coordinates": [
          1.85848,
          50.93455
        ]
      },
      "properties": {
        "nom": "Coulogne",
        "type": "SP",
        "SAT": "",
        "acces": "",
        "appareil": "IL1",
        "description": ""
      }
    },
    {
      "type": "Feature",
      "geometry": {
        "type": "Point",
        "coordinates": [
          1.8585,
          50.93454
        ]
      },
      "properties": {
        "nom": "Coulogne",
        "type": "SP",
        "SAT": "",
        "acces": "",
        "appareil": "SAT1",
        "description": ""
      }
    },
    {
      "type": "Feature",
      "geometry": {
        "type": "Point",
        "coordinates": [
          1.85835,
          50.93469
        ]
      },
      "properties": {
        "nom": "Coulogne",
        "type": "SP",
        "SAT": "",
        "acces": "",
        "appareil": "TT7233",
        "description": "Support 103-47E + T3"
      }
    },
    {
      "type": "Feature",
      "geometry": {
        "type": "Point",
        "coordinates": [
          1.85839,
          50.93467
        ]
      },
      "properties": {
        "nom": "Coulogne",
        "type": "SP",
        "SAT": "",
        "acces": "",
        "appareil": "TT7234",
        "description": "Support 103-47D + T4"
      }
    },
    {
      "type": "Feature",
      "geometry": {
        "type": "Point",
        "coordinates": [
          1.8585,
          50.93461
        ]
      },
      "properties": {
        "nom": "Coulogne",
        "type": "SP",
        "SAT": "",
        "acces": "",
        "appareil": "TT5428",
        "description": "Support 103-47C + T2"
      }
    },
    {
      "type": "Feature",
      "geometry": {
        "type": "Point",
        "coordinates": [
          1.85854,
          50.93459
        ]
      },
      "properties": {
        "nom": "Coulogne",
        "type": "SP",
        "SAT": "",
        "acces": "",
        "appareil": "TT5429",
        "description": "Support 103-47B + T1"
      }
    },
    {
      "type": "Feature",
      "geometry": {
        "type": "Point",
        "coordinates": [
          1.851151,
          50.936035
        ]
      },
      "properties": {
        "nom": "Coulogne",
        "type": "SP",
        "SAT": "SAT3",
        "acces": "",
        "appareil": "TT7231",
        "description": "Poteau 292-11Y"
      }
    },
    {
      "type": "Feature",
      "geometry": {
        "type": "Point",
        "coordinates": [
          1.851073,
          50.936133
        ]
      },
      "properties": {
        "nom": "Coulogne",
        "type": "SP",
        "SAT": "SAT3",
        "acces": "",
        "appareil": "TT7232",
        "description": "Annonce obligatoire (courbe) - TT avec grillage - Support 292-11Y"
      }
    },
    {
      "type": "Feature",
      "geometry": {
        "type": "Point",
        "coordinates": [
          1.849081,
          50.934908
        ]
      },
      "properties": {
        "nom": "Coulogne",
        "type": "SP",
        "SAT": "SAT3",
        "acces": "",
        "appareil": "S7402/7230",
        "description": "Sectionneur Catenaire - Support 291-84A"
      }
    },
    {
      "type": "Feature",
      "geometry": {
        "type": "Point",
        "coordinates": [
          1.854313,
          50.936103
        ]
      },
      "properties": {
        "nom": "Coulogne",
        "type": "SP",
        "SAT": "SAT4",
        "acces": "",
        "appareil": "I7231",
        "description": "Bipolaire - Support 292-27YC"
      }
    },
    {
      "type": "Feature",
      "geometry": {
        "type": "Point",
        "coordinates": [
          1.854411,
          50.936237
        ]
      },
      "properties": {
        "nom": "Coulogne",
        "type": "SP",
        "SAT": "SAT4",
        "acces": "",
        "appareil": "I7232",
        "description": "Support 292-28Y"
      }
    },
    {
      "type": "Feature",
      "geometry": {
        "type": "Point",
        "coordinates": [
          1.85467,
          50.936244
        ]
      },
      "properties": {
        "nom": "Coulogne",
        "type": "SP",
        "SAT": "SAT4",
        "acces": "",
        "appareil": "I7406",
        "description": "Support 104-9A"
      }
    },
    {
      "type": "Feature",
      "geometry": {
        "type": "Point",
        "coordinates": [
          1.854722,
          50.93622
        ]
      },
      "properties": {
        "nom": "Coulogne",
        "type": "SP",
        "SAT": "SAT4",
        "acces": "",
        "appareil": "I7237",
        "description": "Support 104-9"
      }
    },
    {
      "type": "Feature",
      "geometry": {
        "type": "Point",
        "coordinates": [
          1.854729,
          50.936071
        ]
      },
      "properties": {
        "nom": "Coulogne",
        "type": "SP",
        "SAT": "SAT4",
        "acces": "",
        "appareil": "TT7237",
        "description": "Support 292-30Y"
      }
    },
    {
      "type": "Feature",
      "geometry": {
        "type": "Point",
        "coordinates": [
          1.85576,
          50.935763
        ]
      },
      "properties": {
        "nom": "Coulogne",
        "type": "SP",
        "SAT": "SAT4",
        "acces": "",
        "appareil": "S7233-7237",
        "description": "Support 104-5A"
      }
    },
    {
      "type": "Feature",
      "geometry": {
        "type": "Point",
        "coordinates": [
          1.8502019,
          50.9404819
        ]
      },
      "properties": {
        "nom": "Curie",
        "type": "SSP",
        "SAT": "",
        "acces": "",
        "appareil": "IL5",
        "description": ""
      }
    },
    {
      "type": "Feature",
      "geometry": {
        "type": "Point",
        "coordinates": [
          1.8501456,
          50.9405546
        ]
      },
      "properties": {
        "nom": "Curie",
        "type": "SSP",
        "SAT": "",
        "acces": "",
        "appareil": "IL6",
        "description": ""
      }
    },
    {
      "type": "Feature",
      "geometry": {
        "type": "Point",
        "coordinates": [
          1.8500249,
          50.940711
        ]
      },
      "properties": {
        "nom": "Curie",
        "type": "SSP",
        "SAT": "",
        "acces": "",
        "appareil": "IL7",
        "description": ""
      }
    },
    {
      "type": "Feature",
      "geometry": {
        "type": "Point",
        "coordinates": [
          1.8499994,
          50.9407481
        ]
      },
      "properties": {
        "nom": "Curie",
        "type": "SSP",
        "SAT": "",
        "acces": "",
        "appareil": "IL8",
        "description": ""
      }
    },
    {
      "type": "Feature",
      "geometry": {
        "type": "Point",
        "coordinates": [
          1.8497929,
          50.9407177
        ]
      },
      "properties": {
        "nom": "Curie",
        "type": "SSP",
        "SAT": "",
        "acces": "",
        "appareil": "TT7239",
        "description": "Grillage autour du TT"
      }
    },
    {
      "type": "Feature",
      "geometry": {
        "type": "Point",
        "coordinates": [
          1.8497526,
          50.9403366
        ]
      },
      "properties": {
        "nom": "Curie",
        "type": "SSP",
        "SAT": "",
        "acces": "",
        "appareil": "TT7401",
        "description": "Grillage autour du TT"
      }
    },
    {
      "type": "Feature",
      "geometry": {
        "type": "Point",
        "coordinates": [
          1.8499163,
          50.9403653
        ]
      },
      "properties": {
        "nom": "Curie",
        "type": "SSP",
        "SAT": "",
        "acces": "",
        "appareil": "TT7402",
        "description": "Grillage autour du TT"
      }
    },
    {
      "type": "Feature",
      "geometry": {
        "type": "Point",
        "coordinates": [
          1.8499458,
          50.9407726
        ]
      },
      "properties": {
        "nom": "Curie",
        "type": "SSP",
        "SAT": "",
        "acces": "",
        "appareil": "TT7406",
        "description": "Grillage autour du TT"
      }
    },
    {
      "type": "Feature",
      "geometry": {
        "type": "Point",
        "coordinates": [
          1.84802,
          50.94206
        ]
      },
      "properties": {
        "nom": "Curie",
        "type": "SSP",
        "SAT": "SAT1",
        "acces": "",
        "appareil": "I7403",
        "description": ""
      }
    },
    {
      "type": "Feature",
      "geometry": {
        "type": "Point",
        "coordinates": [
          1.8487698,
          50.9415009
        ]
      },
      "properties": {
        "nom": "Curie",
        "type": "SSP",
        "SAT": "SAT1",
        "acces": "",
        "appareil": "I7404",
        "description": ""
      }
    },
    {
      "type": "Feature",
      "geometry": {
        "type": "Point",
        "coordinates": [
          1.84802,
          50.94206
        ]
      },
      "properties": {
        "nom": "Curie",
        "type": "SSP",
        "SAT": "SAT1",
        "acces": "",
        "appareil": "TT7403",
        "description": "Grillage autour du TT"
      }
    },
    {
      "type": "Feature",
      "geometry": {
        "type": "Point",
        "coordinates": [
          1.8487698,
          50.9415009
        ]
      },
      "properties": {
        "nom": "Curie",
        "type": "SSP",
        "SAT": "SAT1",
        "acces": "",
        "appareil": "TT7404",
        "description": "Grillage autour du TT"
      }
    },
    {
      "type": "Feature",
      "geometry": {
        "type": "Point",
        "coordinates": [
          1.8491333,
          50.9415777
        ]
      },
      "properties": {
        "nom": "Curie",
        "type": "SSP",
        "SAT": "SAT2",
        "acces": "",
        "appareil": "I7408",
        "description": ""
      }
    },
    {
      "type": "Feature",
      "geometry": {
        "type": "Point",
        "coordinates": [
          1.8485297,
          50.9420418
        ]
      },
      "properties": {
        "nom": "Curie",
        "type": "SSP",
        "SAT": "SAT2",
        "acces": "",
        "appareil": "S7239-7404",
        "description": ""
      }
    },
    {
      "type": "Feature",
      "geometry": {
        "type": "Point",
        "coordinates": [
          1.8472824,
          50.9424669
        ]
      },
      "properties": {
        "nom": "Curie",
        "type": "SSP",
        "SAT": "SAT3",
        "acces": "",
        "appareil": "I7520",
        "description": ""
      }
    },
    {
      "type": "Feature",
      "geometry": {
        "type": "Point",
        "coordinates": [
          1.8472288,
          50.942499
        ]
      },
      "properties": {
        "nom": "Curie",
        "type": "SSP",
        "SAT": "SAT3",
        "acces": "",
        "appareil": "S7408-7520",
        "description": ""
      }
    },
    {
      "type": "Feature",
      "geometry": {
        "type": "Point",
        "coordinates": [
          1.8472824,
          50.9424669
        ]
      },
      "properties": {
        "nom": "Curie",
        "type": "SSP",
        "SAT": "SAT3",
        "acces": "",
        "appareil": "TT7520",
        "description": "Grillage autour du TT"
      }
    },
    {
      "type": "Feature",
      "geometry": {
        "type": "Point",
        "coordinates": [
          1.84106,
          50.94572
        ]
      },
      "properties": {
        "nom": "Curie",
        "type": "SSP",
        "SAT": "SAT4",
        "acces": "",
        "appareil": "IA1",
        "description": ""
      }
    },
    {
      "type": "Feature",
      "geometry": {
        "type": "Point",
        "coordinates": [
          1.84106,
          50.94572
        ]
      },
      "properties": {
        "nom": "Curie",
        "type": "SSP",
        "SAT": "SAT4",
        "acces": "",
        "appareil": "TC IA1",
        "description": ""
      }
    },
    {
      "type": "Feature",
      "geometry": {
        "type": "Point",
        "coordinates": [
          1.84106,
          50.94572
        ]
      },
      "properties": {
        "nom": "Curie",
        "type": "SSP",
        "SAT": "SAT4",
        "acces": "",
        "appareil": "TT7521",
        "description": "Grillage autour du TT"
      }
    },
    {
      "type": "Feature",
      "geometry": {
        "type": "Point",
        "coordinates": [
          1.6146556,
          50.5787353
        ]
      },
      "properties": {
        "nom": "Dannes",
        "type": "SSP",
        "SAT": "",
        "acces": "",
        "appareil": "IL1",
        "description": ""
      }
    },
    {
      "type": "Feature",
      "geometry": {
        "type": "Point",
        "coordinates": [
          1.614569,
          50.5810073
        ]
      },
      "properties": {
        "nom": "Dannes",
        "type": "SSP",
        "SAT": "",
        "acces": "",
        "appareil": "IL2",
        "description": "➡️ RAP"
      }
    },
    {
      "type": "Feature",
      "geometry": {
        "type": "Point",
        "coordinates": [
          1.6146623,
          50.5782549
        ]
      },
      "properties": {
        "nom": "Dannes",
        "type": "SSP",
        "SAT": "",
        "acces": "",
        "appareil": "IMP",
        "description": ""
      }
    },
    {
      "type": "Feature",
      "geometry": {
        "type": "Point",
        "coordinates": [
          1.6146811,
          50.5777278
        ]
      },
      "properties": {
        "nom": "Dannes",
        "type": "SSP",
        "SAT": "",
        "acces": "",
        "appareil": "TT5623",
        "description": ""
      }
    },
    {
      "type": "Feature",
      "geometry": {
        "type": "Point",
        "coordinates": [
          1.6146677,
          50.5782072
        ]
      },
      "properties": {
        "nom": "Dannes",
        "type": "SSP",
        "SAT": "",
        "acces": "",
        "appareil": "TT5624",
        "description": ""
      }
    },
    {
      "type": "Feature",
      "geometry": {
        "type": "Point",
        "coordinates": [
          1.6146556,
          50.5786952
        ]
      },
      "properties": {
        "nom": "Dannes",
        "type": "SSP",
        "SAT": "",
        "acces": "",
        "appareil": "TT5621",
        "description": ""
      }
    },
    {
      "type": "Feature",
      "geometry": {
        "type": "Point",
        "coordinates": [
          2.9142723,
          50.5520919
        ]
      },
      "properties": {
        "nom": "Don Sainghin",
        "type": "SS",
        "SAT": "",
        "acces": "",
        "appareil": "1070",
        "description": ""
      }
    },
    {
      "type": "Feature",
      "geometry": {
        "type": "Point",
        "coordinates": [
          2.9142187,
          50.5520757
        ]
      },
      "properties": {
        "nom": "Don Sainghin",
        "type": "SS",
        "SAT": "",
        "acces": "",
        "appareil": "1072",
        "description": ""
      }
    },
    {
      "type": "Feature",
      "geometry": {
        "type": "Point",
        "coordinates": [
          2.9158194,
          50.5527215
        ]
      },
      "properties": {
        "nom": "Don Sainghin",
        "type": "SS",
        "SAT": "",
        "acces": "",
        "appareil": "I1058",
        "description": ""
      }
    },
    {
      "type": "Feature",
      "geometry": {
        "type": "Point",
        "coordinates": [
          2.9154044,
          50.5525397
        ]
      },
      "properties": {
        "nom": "Don Sainghin",
        "type": "SS",
        "SAT": "",
        "acces": "",
        "appareil": "IL1",
        "description": ""
      }
    },
    {
      "type": "Feature",
      "geometry": {
        "type": "Point",
        "coordinates": [
          2.9154044,
          50.5525397
        ]
      },
      "properties": {
        "nom": "Don Sainghin",
        "type": "SS",
        "SAT": "",
        "acces": "",
        "appareil": "TC IL1 Alarme",
        "description": ""
      }
    },
    {
      "type": "Feature",
      "geometry": {
        "type": "Point",
        "coordinates": [
          2.9158958,
          50.552788
        ]
      },
      "properties": {
        "nom": "Don Sainghin",
        "type": "SS",
        "SAT": "",
        "acces": "",
        "appareil": "S1060-1069",
        "description": ""
      }
    },
    {
      "type": "Feature",
      "geometry": {
        "type": "Point",
        "coordinates": [
          2.9159696,
          50.5528144
        ]
      },
      "properties": {
        "nom": "Don Sainghin",
        "type": "SS",
        "SAT": "",
        "acces": "",
        "appareil": "1063",
        "description": ""
      }
    },
    {
      "type": "Feature",
      "geometry": {
        "type": "Point",
        "coordinates": [
          2.9083631,
          50.5491193
        ]
      },
      "properties": {
        "nom": "Don Sainghin",
        "type": "SS",
        "SAT": "SAT1",
        "acces": "",
        "appareil": "1056",
        "description": ""
      }
    },
    {
      "type": "Feature",
      "geometry": {
        "type": "Point",
        "coordinates": [
          2.9091414,
          50.5496539
        ]
      },
      "properties": {
        "nom": "Don Sainghin",
        "type": "SS",
        "SAT": "SAT1",
        "acces": "",
        "appareil": "1073",
        "description": ""
      }
    },
    {
      "type": "Feature",
      "geometry": {
        "type": "Point",
        "coordinates": [
          2.9090369,
          50.5495815
        ]
      },
      "properties": {
        "nom": "Don Sainghin",
        "type": "SS",
        "SAT": "SAT1",
        "acces": "",
        "appareil": "1074",
        "description": ""
      }
    },
    {
      "type": "Feature",
      "geometry": {
        "type": "Point",
        "coordinates": [
          2.9079258,
          50.5488799
        ]
      },
      "properties": {
        "nom": "Don Sainghin",
        "type": "SS",
        "SAT": "SAT1",
        "acces": "",
        "appareil": "1075",
        "description": ""
      }
    },
    {
      "type": "Feature",
      "geometry": {
        "type": "Point",
        "coordinates": [
          2.9078856,
          50.5488654
        ]
      },
      "properties": {
        "nom": "Don Sainghin",
        "type": "SS",
        "SAT": "SAT1",
        "acces": "",
        "appareil": "S1063-1073",
        "description": ""
      }
    },
    {
      "type": "Feature",
      "geometry": {
        "type": "Point",
        "coordinates": [
          2.9091696,
          50.549665
        ]
      },
      "properties": {
        "nom": "Don Sainghin",
        "type": "SS",
        "SAT": "SAT1",
        "acces": "",
        "appareil": "S1071/1070",
        "description": ""
      }
    },
    {
      "type": "Feature",
      "geometry": {
        "type": "Point",
        "coordinates": [
          2.908994,
          50.5495653
        ]
      },
      "properties": {
        "nom": "Don Sainghin",
        "type": "SS",
        "SAT": "SAT1",
        "acces": "",
        "appareil": "S1073-1074",
        "description": ""
      }
    },
    {
      "type": "Feature",
      "geometry": {
        "type": "Point",
        "coordinates": [
          2.9061102,
          50.5475115
        ]
      },
      "properties": {
        "nom": "Don Sainghin",
        "type": "SS",
        "SAT": "SAT2",
        "acces": "",
        "appareil": "I1061",
        "description": ""
      }
    },
    {
      "type": "Feature",
      "geometry": {
        "type": "Point",
        "coordinates": [
          2.9061102,
          50.5475115
        ]
      },
      "properties": {
        "nom": "Don Sainghin",
        "type": "SS",
        "SAT": "SAT2",
        "acces": "",
        "appareil": "S1051-1056",
        "description": ""
      }
    },
    {
      "type": "Feature",
      "geometry": {
        "type": "Point",
        "coordinates": [
          2.919905,
          50.5548556
        ]
      },
      "properties": {
        "nom": "Don Sainghin",
        "type": "SS",
        "SAT": "SAT3",
        "acces": "",
        "appareil": "1065",
        "description": ""
      }
    },
    {
      "type": "Feature",
      "geometry": {
        "type": "Point",
        "coordinates": [
          2.9182086,
          50.553778
        ]
      },
      "properties": {
        "nom": "Don Sainghin",
        "type": "SS",
        "SAT": "SAT3",
        "acces": "",
        "appareil": "1069",
        "description": ""
      }
    },
    {
      "type": "Feature",
      "geometry": {
        "type": "Point",
        "coordinates": [
          2.918155,
          50.5538223
        ]
      },
      "properties": {
        "nom": "Don Sainghin",
        "type": "SS",
        "SAT": "SAT3",
        "acces": "",
        "appareil": "IL2",
        "description": ""
      }
    },
    {
      "type": "Feature",
      "geometry": {
        "type": "Point",
        "coordinates": [
          2.918155,
          50.5538223
        ]
      },
      "properties": {
        "nom": "Don Sainghin",
        "type": "SS",
        "SAT": "SAT3",
        "acces": "",
        "appareil": "TC IL2 Alarme",
        "description": ""
      }
    },
    {
      "type": "Feature",
      "geometry": {
        "type": "Point",
        "coordinates": [
          2.8270964,
          50.6722071
        ]
      },
      "properties": {
        "nom": "Erquinghem",
        "type": "PRCI",
        "SAT": "",
        "acces": "",
        "appareil": "I574",
        "description": ""
      }
    },
    {
      "type": "Feature",
      "geometry": {
        "type": "Point",
        "coordinates": [
          2.831437,
          50.6703875
        ]
      },
      "properties": {
        "nom": "Erquinghem",
        "type": "PRCI",
        "SAT": "",
        "acces": "",
        "appareil": "I575",
        "description": ""
      }
    },
    {
      "type": "Feature",
      "geometry": {
        "type": "Point",
        "coordinates": [
          2.8218426,
          50.6742187
        ]
      },
      "properties": {
        "nom": "Erquinghem",
        "type": "PRCI",
        "SAT": "",
        "acces": "",
        "appareil": "I577",
        "description": ""
      }
    },
    {
      "type": "Feature",
      "geometry": {
        "type": "Point",
        "coordinates": [
          2.8300087,
          50.6710343
        ]
      },
      "properties": {
        "nom": "Erquinghem",
        "type": "PRCI",
        "SAT": "",
        "acces": "",
        "appareil": "TT575",
        "description": "➡️ PA sur TT"
      }
    },
    {
      "type": "Feature",
      "geometry": {
        "type": "Point",
        "coordinates": [
          3.257887,
          49.765934
        ]
      },
      "properties": {
        "nom": "Essigny Le Grand",
        "type": "SSP",
        "SAT": "",
        "acces": "",
        "appareil": "IL2",
        "description": "",
        "hors_patrimoine": false
      }
    },
    {
      "type": "Feature",
      "geometry": {
        "type": "Point",
        "coordinates": [
          3.257887,
          49.765934
        ]
      },
      "properties": {
        "nom": "Essigny Le Grand",
        "type": "SSP",
        "SAT": "",
        "acces": "",
        "appareil": "IL4",
        "description": "",
        "hors_patrimoine": false
      }
    },
    {
      "type": "Feature",
      "geometry": {
        "type": "Point",
        "coordinates": [
          3.257887,
          49.765934
        ]
      },
      "properties": {
        "nom": "Essigny Le Grand",
        "type": "SSP",
        "SAT": "",
        "acces": "",
        "appareil": "TT IPCS V2",
        "description": "",
        "hors_patrimoine": false
      }
    },
    {
      "type": "Feature",
      "geometry": {
        "type": "Point",
        "coordinates": [
          3.257952,
          49.765976
        ]
      },
      "properties": {
        "nom": "Essigny Le Grand",
        "type": "SSP",
        "SAT": "",
        "acces": "",
        "appareil": "IL1",
        "description": "",
        "hors_patrimoine": false
      }
    },
    {
      "type": "Feature",
      "geometry": {
        "type": "Point",
        "coordinates": [
          3.257952,
          49.765976
        ]
      },
      "properties": {
        "nom": "Essigny Le Grand",
        "type": "SSP",
        "SAT": "",
        "acces": "",
        "appareil": "TT SSR IPCS ESSIGNY LE GD ST QUENTIN V1",
        "description": "",
        "hors_patrimoine": false
      }
    },
    {
      "type": "Feature",
      "geometry": {
        "type": "Point",
        "coordinates": [
          3.257937,
          49.765925
        ]
      },
      "properties": {
        "nom": "Essigny Le Grand",
        "type": "SSP",
        "SAT": "",
        "acces": "",
        "appareil": "IMP TERGNIER",
        "description": "",
        "hors_patrimoine": false
      }
    },
    {
      "type": "Feature",
      "geometry": {
        "type": "Point",
        "coordinates": [
          1.635743,
          50.51987
        ]
      },
      "properties": {
        "nom": "Etaples",
        "type": "SSP",
        "SAT": "",
        "acces": "",
        "appareil": "I5624",
        "description": ""
      }
    },
    {
      "type": "Feature",
      "geometry": {
        "type": "Point",
        "coordinates": [
          1.6356773,
          50.51989
        ]
      },
      "properties": {
        "nom": "Etaples",
        "type": "SSP",
        "SAT": "",
        "acces": "",
        "appareil": "I5626",
        "description": ""
      }
    },
    {
      "type": "Feature",
      "geometry": {
        "type": "Point",
        "coordinates": [
          1.63723,
          50.51942
        ]
      },
      "properties": {
        "nom": "Etaples",
        "type": "SSP",
        "SAT": "",
        "acces": "",
        "appareil": "I5627",
        "description": ""
      }
    },
    {
      "type": "Feature",
      "geometry": {
        "type": "Point",
        "coordinates": [
          1.6377994,
          50.5194437
        ]
      },
      "properties": {
        "nom": "Etaples",
        "type": "SSP",
        "SAT": "",
        "acces": "",
        "appareil": "I5628",
        "description": ""
      }
    },
    {
      "type": "Feature",
      "geometry": {
        "type": "Point",
        "coordinates": [
          1.63729,
          50.5194
        ]
      },
      "properties": {
        "nom": "Etaples",
        "type": "SSP",
        "SAT": "",
        "acces": "",
        "appareil": "I5629",
        "description": ""
      }
    },
    {
      "type": "Feature",
      "geometry": {
        "type": "Point",
        "coordinates": [
          1.6391417,
          50.5191018
        ]
      },
      "properties": {
        "nom": "Etaples",
        "type": "SSP",
        "SAT": "",
        "acces": "",
        "appareil": "I5630",
        "description": ""
      }
    },
    {
      "type": "Feature",
      "geometry": {
        "type": "Point",
        "coordinates": [
          1.634247,
          50.5203081
        ]
      },
      "properties": {
        "nom": "Etaples",
        "type": "SSP",
        "SAT": "",
        "acces": "",
        "appareil": "IL1",
        "description": ""
      }
    },
    {
      "type": "Feature",
      "geometry": {
        "type": "Point",
        "coordinates": [
          1.63563,
          50.51992
        ]
      },
      "properties": {
        "nom": "Etaples",
        "type": "SSP",
        "SAT": "",
        "acces": "",
        "appareil": "IMP",
        "description": "➡️ RAP"
      }
    },
    {
      "type": "Feature",
      "geometry": {
        "type": "Point",
        "coordinates": [
          1.6377994,
          50.5194437
        ]
      },
      "properties": {
        "nom": "Etaples",
        "type": "SSP",
        "SAT": "",
        "acces": "",
        "appareil": "TC Alarme",
        "description": ""
      }
    },
    {
      "type": "Feature",
      "geometry": {
        "type": "Point",
        "coordinates": [
          1.6355,
          50.51995
        ]
      },
      "properties": {
        "nom": "Etaples",
        "type": "SSP",
        "SAT": "",
        "acces": "",
        "appareil": "SRB3",
        "description": "",
        "hors_patrimoine": true
      }
    },
    {
      "type": "Feature",
      "geometry": {
        "type": "Point",
        "coordinates": [
          1.63542,
          50.51995
        ]
      },
      "properties": {
        "nom": "Etaples",
        "type": "SSP",
        "SAT": "",
        "acces": "",
        "appareil": "TRA (SRB3)",
        "description": "",
        "hors_patrimoine": true
      }
    },
    {
      "type": "Feature",
      "geometry": {
        "type": "Point",
        "coordinates": [
          1.635743,
          50.51987
        ]
      },
      "properties": {
        "nom": "Etaples",
        "type": "SSP",
        "SAT": "",
        "acces": "",
        "appareil": "TT5824",
        "description": ""
      }
    },
    {
      "type": "Feature",
      "geometry": {
        "type": "Point",
        "coordinates": [
          1.63557,
          50.51993
        ]
      },
      "properties": {
        "nom": "Etaples",
        "type": "SSP",
        "SAT": "",
        "acces": "",
        "appareil": "TT5625",
        "description": ""
      }
    },
    {
      "type": "Feature",
      "geometry": {
        "type": "Point",
        "coordinates": [
          1.6356773,
          50.51989
        ]
      },
      "properties": {
        "nom": "Etaples",
        "type": "SSP",
        "SAT": "",
        "acces": "",
        "appareil": "TT5826",
        "description": ""
      }
    },
    {
      "type": "Feature",
      "geometry": {
        "type": "Point",
        "coordinates": [
          1.64443,
          50.50709
        ]
      },
      "properties": {
        "nom": "Etaples",
        "type": "SSP",
        "SAT": "SAT1",
        "acces": "",
        "appareil": "I5634",
        "description": ""
      }
    },
    {
      "type": "Feature",
      "geometry": {
        "type": "Point",
        "coordinates": [
          1.6444281,
          50.5072073
        ]
      },
      "properties": {
        "nom": "Etaples",
        "type": "SSP",
        "SAT": "SAT1",
        "acces": "",
        "appareil": "TRA",
        "description": "",
        "hors_patrimoine": true
      }
    },
    {
      "type": "Feature",
      "geometry": {
        "type": "Point",
        "coordinates": [
          1.64444,
          50.50717
        ]
      },
      "properties": {
        "nom": "Etaples",
        "type": "SSP",
        "SAT": "SAT1",
        "acces": "",
        "appareil": "SRB2 (TRA)",
        "description": "",
        "hors_patrimoine": true
      }
    },
    {
      "type": "Feature",
      "geometry": {
        "type": "Point",
        "coordinates": [
          1.6444176,
          50.512988
        ]
      },
      "properties": {
        "nom": "Etaples",
        "type": "SSP",
        "SAT": "SAT2",
        "acces": "",
        "appareil": "S5632-5684",
        "description": ""
      }
    },
    {
      "type": "Feature",
      "geometry": {
        "type": "Point",
        "coordinates": [
          1.6442273,
          50.5130485
        ]
      },
      "properties": {
        "nom": "Etaples",
        "type": "SSP",
        "SAT": "SAT2",
        "acces": "",
        "appareil": "I5631",
        "description": ""
      }
    },
    {
      "type": "Feature",
      "geometry": {
        "type": "Point",
        "coordinates": [
          1.6443802,
          50.5130485
        ]
      },
      "properties": {
        "nom": "Etaples",
        "type": "SSP",
        "SAT": "SAT2",
        "acces": "",
        "appareil": "I5632",
        "description": ""
      }
    },
    {
      "type": "Feature",
      "geometry": {
        "type": "Point",
        "coordinates": [
          3.0913664,
          50.618901
        ]
      },
      "properties": {
        "nom": "Fives",
        "type": "SSPA",
        "SAT": "SAT1",
        "acces": "",
        "appareil": "I5088",
        "description": "VOX"
      }
    },
    {
      "type": "Feature",
      "geometry": {
        "type": "Point",
        "coordinates": [
          3.0910887,
          50.6214732
        ]
      },
      "properties": {
        "nom": "Fives",
        "type": "SSPA",
        "SAT": "",
        "acces": "",
        "appareil": "2-10A",
        "description": ""
      }
    },
    {
      "type": "Feature",
      "geometry": {
        "type": "Point",
        "coordinates": [
          3.0911403,
          50.6214438
        ]
      },
      "properties": {
        "nom": "Fives",
        "type": "SSPA",
        "SAT": "",
        "acces": "",
        "appareil": "FB56",
        "description": ""
      }
    },
    {
      "type": "Feature",
      "geometry": {
        "type": "Point",
        "coordinates": [
          3.0906615,
          50.6210074
        ]
      },
      "properties": {
        "nom": "Fives",
        "type": "SSPA",
        "SAT": "",
        "acces": "",
        "appareil": "I5078",
        "description": "VOX"
      }
    },
    {
      "type": "Feature",
      "geometry": {
        "type": "Point",
        "coordinates": [
          3.090691,
          50.6209479
        ]
      },
      "properties": {
        "nom": "Fives",
        "type": "SSPA",
        "SAT": "",
        "acces": "",
        "appareil": "I5086",
        "description": "VOX"
      }
    },
    {
      "type": "Feature",
      "geometry": {
        "type": "Point",
        "coordinates": [
          3.0905487,
          50.6223144
        ]
      },
      "properties": {
        "nom": "Fives",
        "type": "SSPA",
        "SAT": "",
        "acces": "",
        "appareil": "I5262",
        "description": ""
      }
    },
    {
      "type": "Feature",
      "geometry": {
        "type": "Point",
        "coordinates": [
          3.0907343,
          50.6216348
        ]
      },
      "properties": {
        "nom": "Fives",
        "type": "SSPA",
        "SAT": "",
        "acces": "",
        "appareil": "IL1",
        "description": ""
      }
    },
    {
      "type": "Feature",
      "geometry": {
        "type": "Point",
        "coordinates": [
          3.0908066,
          50.6215225
        ]
      },
      "properties": {
        "nom": "Fives",
        "type": "SSPA",
        "SAT": "",
        "acces": "",
        "appareil": "IL2",
        "description": ""
      }
    },
    {
      "type": "Feature",
      "geometry": {
        "type": "Point",
        "coordinates": [
          3.0907115,
          50.6216714
        ]
      },
      "properties": {
        "nom": "Fives",
        "type": "SSPA",
        "SAT": "",
        "acces": "",
        "appareil": "IL3",
        "description": ""
      }
    },
    {
      "type": "Feature",
      "geometry": {
        "type": "Point",
        "coordinates": [
          3.0907563,
          50.6215961
        ]
      },
      "properties": {
        "nom": "Fives",
        "type": "SSPA",
        "SAT": "",
        "acces": "",
        "appareil": "IL4",
        "description": ""
      }
    },
    {
      "type": "Feature",
      "geometry": {
        "type": "Point",
        "coordinates": [
          3.0911865,
          50.6214154
        ]
      },
      "properties": {
        "nom": "Fives",
        "type": "SSPA",
        "SAT": "",
        "acces": "",
        "appareil": "IL5",
        "description": ""
      }
    },
    {
      "type": "Feature",
      "geometry": {
        "type": "Point",
        "coordinates": [
          3.0912262,
          50.6213852
        ]
      },
      "properties": {
        "nom": "Fives",
        "type": "SSPA",
        "SAT": "",
        "acces": "",
        "appareil": "IL6",
        "description": ""
      }
    },
    {
      "type": "Feature",
      "geometry": {
        "type": "Point",
        "coordinates": [
          3.091306,
          50.6213231
        ]
      },
      "properties": {
        "nom": "Fives",
        "type": "SSPA",
        "SAT": "",
        "acces": "",
        "appareil": "IL7",
        "description": ""
      }
    },
    {
      "type": "Feature",
      "geometry": {
        "type": "Point",
        "coordinates": [
          3.0912671,
          50.6213545
        ]
      },
      "properties": {
        "nom": "Fives",
        "type": "SSPA",
        "SAT": "",
        "acces": "",
        "appareil": "IL8",
        "description": ""
      }
    },
    {
      "type": "Feature",
      "geometry": {
        "type": "Point",
        "coordinates": [
          3.0835895,
          50.6310653
        ]
      },
      "properties": {
        "nom": "Fives",
        "type": "SSPA",
        "SAT": "",
        "acces": "",
        "appareil": "S5064-358",
        "description": ""
      }
    },
    {
      "type": "Feature",
      "geometry": {
        "type": "Point",
        "coordinates": [
          3.0910887,
          50.6214732
        ]
      },
      "properties": {
        "nom": "Fives",
        "type": "SSPA",
        "SAT": "",
        "acces": "",
        "appareil": "TSA",
        "description": ""
      }
    },
    {
      "type": "Feature",
      "geometry": {
        "type": "Point",
        "coordinates": [
          3.0911403,
          50.6214438
        ]
      },
      "properties": {
        "nom": "Fives",
        "type": "SSPA",
        "SAT": "",
        "acces": "",
        "appareil": "TT Baisieux",
        "description": ""
      }
    },
    {
      "type": "Feature",
      "geometry": {
        "type": "Point",
        "coordinates": [
          3.0911403,
          50.6214438
        ]
      },
      "properties": {
        "nom": "Fives",
        "type": "SSPA",
        "SAT": "",
        "acces": "",
        "appareil": "TC Baisieux",
        "description": ""
      }
    },
    {
      "type": "Feature",
      "geometry": {
        "type": "Point",
        "coordinates": [
          3.0911865,
          50.6214154
        ]
      },
      "properties": {
        "nom": "Fives",
        "type": "SSPA",
        "SAT": "",
        "acces": "",
        "appareil": "TT11",
        "description": ""
      }
    },
    {
      "type": "Feature",
      "geometry": {
        "type": "Point",
        "coordinates": [
          3.0912262,
          50.6213852
        ]
      },
      "properties": {
        "nom": "Fives",
        "type": "SSPA",
        "SAT": "",
        "acces": "",
        "appareil": "TT12",
        "description": ""
      }
    },
    {
      "type": "Feature",
      "geometry": {
        "type": "Point",
        "coordinates": [
          3.0907343,
          50.6216348
        ]
      },
      "properties": {
        "nom": "Fives",
        "type": "SSPA",
        "SAT": "",
        "acces": "",
        "appareil": "TT21",
        "description": ""
      }
    },
    {
      "type": "Feature",
      "geometry": {
        "type": "Point",
        "coordinates": [
          3.0907852,
          50.6215462
        ]
      },
      "properties": {
        "nom": "Fives",
        "type": "SSPA",
        "SAT": "",
        "acces": "",
        "appareil": "TT22",
        "description": ""
      }
    },
    {
      "type": "Feature",
      "geometry": {
        "type": "Point",
        "coordinates": [
          3.0913709,
          50.6187164
        ]
      },
      "properties": {
        "nom": "Fives",
        "type": "SSPA",
        "SAT": "SAT1",
        "acces": "",
        "appareil": "I5259",
        "description": ""
      }
    },
    {
      "type": "Feature",
      "geometry": {
        "type": "Point",
        "coordinates": [
          3.0897212,
          50.622622
        ]
      },
      "properties": {
        "nom": "Fives",
        "type": "SSPA",
        "SAT": "SAT2",
        "acces": "",
        "appareil": "I5084",
        "description": ""
      }
    },
    {
      "type": "Feature",
      "geometry": {
        "type": "Point",
        "coordinates": [
          3.0845884,
          50.628725
        ]
      },
      "properties": {
        "nom": "Fives",
        "type": "SSPA",
        "SAT": "SAT3",
        "acces": "",
        "appareil": "I5252",
        "description": ""
      }
    },
    {
      "type": "Feature",
      "geometry": {
        "type": "Point",
        "coordinates": [
          3.1109539,
          50.6219326
        ]
      },
      "properties": {
        "nom": "Fives",
        "type": "SSPA",
        "SAT": "SAT4",
        "acces": "",
        "appareil": "5211",
        "description": ""
      }
    },
    {
      "type": "Feature",
      "geometry": {
        "type": "Point",
        "coordinates": [
          3.1108352,
          50.6219049
        ]
      },
      "properties": {
        "nom": "Fives",
        "type": "SSPA",
        "SAT": "SAT4",
        "acces": "",
        "appareil": "B-IA2",
        "description": ""
      }
    },
    {
      "type": "Feature",
      "geometry": {
        "type": "Point",
        "coordinates": [
          3.1108802,
          50.621925
        ]
      },
      "properties": {
        "nom": "Fives",
        "type": "SSPA",
        "SAT": "SAT4",
        "acces": "",
        "appareil": "B-S IA2",
        "description": ""
      }
    },
    {
      "type": "Feature",
      "geometry": {
        "type": "Point",
        "coordinates": [
          3.1110062,
          50.6219479
        ]
      },
      "properties": {
        "nom": "Fives",
        "type": "SSPA",
        "SAT": "SAT4",
        "acces": "",
        "appareil": "I5233",
        "description": ""
      }
    },
    {
      "type": "Feature",
      "geometry": {
        "type": "Point",
        "coordinates": [
          3.1090472,
          50.6215886
        ]
      },
      "properties": {
        "nom": "Fives",
        "type": "SSPA",
        "SAT": "SAT4",
        "acces": "",
        "appareil": "I5234",
        "description": ""
      }
    },
    {
      "type": "Feature",
      "geometry": {
        "type": "Point",
        "coordinates": [
          3.1130534,
          50.6223657
        ]
      },
      "properties": {
        "nom": "Fives",
        "type": "SSPA",
        "SAT": "SAT4",
        "acces": "",
        "appareil": "I5236",
        "description": ""
      }
    },
    {
      "type": "Feature",
      "geometry": {
        "type": "Point",
        "coordinates": [
          3.1108205,
          50.6218999
        ]
      },
      "properties": {
        "nom": "Fives",
        "type": "SSPA",
        "SAT": "SAT4",
        "acces": "",
        "appareil": "IA2",
        "description": ""
      }
    },
    {
      "type": "Feature",
      "geometry": {
        "type": "Point",
        "coordinates": [
          3.1109338,
          50.6219275
        ]
      },
      "properties": {
        "nom": "Fives",
        "type": "SSPA",
        "SAT": "SAT4",
        "acces": "",
        "appareil": "S5211-5231",
        "description": ""
      }
    },
    {
      "type": "Feature",
      "geometry": {
        "type": "Point",
        "coordinates": [
          3.1108802,
          50.621925
        ]
      },
      "properties": {
        "nom": "Fives",
        "type": "SSPA",
        "SAT": "SAT4",
        "acces": "",
        "appareil": "S IA2",
        "description": ""
      }
    },
    {
      "type": "Feature",
      "geometry": {
        "type": "Point",
        "coordinates": [
          3.1107527,
          50.6218798
        ]
      },
      "properties": {
        "nom": "Fives",
        "type": "SSPA",
        "SAT": "SAT4",
        "acces": "",
        "appareil": "ST1",
        "description": ""
      }
    },
    {
      "type": "Feature",
      "geometry": {
        "type": "Point",
        "coordinates": [
          3.1107762,
          50.6218854
        ]
      },
      "properties": {
        "nom": "Fives",
        "type": "SSPA",
        "SAT": "SAT4",
        "acces": "",
        "appareil": "ST3",
        "description": ""
      }
    },
    {
      "type": "Feature",
      "geometry": {
        "type": "Point",
        "coordinates": [
          3.1108802,
          50.621925
        ]
      },
      "properties": {
        "nom": "Fives",
        "type": "SSPA",
        "SAT": "SAT4",
        "acces": "",
        "appareil": "TC IA2",
        "description": ""
      }
    },
    {
      "type": "Feature",
      "geometry": {
        "type": "Point",
        "coordinates": [
          3.1108802,
          50.621925
        ]
      },
      "properties": {
        "nom": "Fives",
        "type": "SSPA",
        "SAT": "SAT4",
        "acces": "",
        "appareil": "TT IA2",
        "description": ""
      }
    },
    {
      "type": "Feature",
      "geometry": {
        "type": "Point",
        "coordinates": [
          3.085269,
          50.6249991
        ]
      },
      "properties": {
        "nom": "Fives",
        "type": "SSPA",
        "SAT": "SAT6",
        "acces": "",
        "appareil": "5068",
        "description": ""
      }
    },
    {
      "type": "Feature",
      "geometry": {
        "type": "Point",
        "coordinates": [
          3.0839178,
          50.6280538
        ]
      },
      "properties": {
        "nom": "Fives",
        "type": "SSPA",
        "SAT": "SAT6",
        "acces": "",
        "appareil": "5070",
        "description": ""
      }
    },
    {
      "type": "Feature",
      "geometry": {
        "type": "Point",
        "coordinates": [
          3.08433,
          50.62779
        ]
      },
      "properties": {
        "nom": "Fives",
        "type": "SSPA",
        "SAT": "SAT6",
        "acces": "",
        "appareil": "IA5",
        "description": ""
      }
    },
    {
      "type": "Feature",
      "geometry": {
        "type": "Point",
        "coordinates": [
          3.0831219,
          50.6300453
        ]
      },
      "properties": {
        "nom": "Fives",
        "type": "SSPA",
        "SAT": "SAT6",
        "acces": "",
        "appareil": "S5065-229",
        "description": ""
      }
    },
    {
      "type": "Feature",
      "geometry": {
        "type": "Point",
        "coordinates": [
          3.0829401,
          50.6303001
        ]
      },
      "properties": {
        "nom": "Fives",
        "type": "SSPA",
        "SAT": "SAT6",
        "acces": "",
        "appareil": "S5070-207",
        "description": ""
      }
    },
    {
      "type": "Feature",
      "geometry": {
        "type": "Point",
        "coordinates": [
          3.08436,
          50.62776
        ]
      },
      "properties": {
        "nom": "Fives",
        "type": "SSPA",
        "SAT": "SAT6",
        "acces": "",
        "appareil": "TT IA5",
        "description": "",
        "imajnet": "https://gecko.imajnet.net/#map=OSM;zoom=18;loc=50.62787228307579,3.08420002884093;uid=1438c5fb-5e52-4c45-afdf-e90ce9d15092_29;"
      }
    },
    {
      "type": "Feature",
      "geometry": {
        "type": "Point",
        "coordinates": [
          3.08433,
          50.62779
        ]
      },
      "properties": {
        "nom": "Fives",
        "type": "SSPA",
        "SAT": "SAT6",
        "acces": "",
        "appareil": "TC IA5",
        "description": ""
      }
    },
    {
      "type": "Feature",
      "geometry": {
        "type": "Point",
        "coordinates": [
          3.0997325,
          50.6092618
        ]
      },
      "properties": {
        "nom": "Fives",
        "type": "SSPA",
        "SAT": "SAT5",
        "acces": "n°2",
        "appareil": "SI5202-5211",
        "description": ""
      }
    },
    {
      "type": "Feature",
      "geometry": {
        "type": "Point",
        "coordinates": [
          3.0997325,
          50.6092618
        ]
      },
      "properties": {
        "nom": "Fives",
        "type": "SSPA",
        "SAT": "SAT5",
        "acces": "n°2",
        "appareil": "TT",
        "description": ""
      }
    },
    {
      "type": "Feature",
      "geometry": {
        "type": "Point",
        "coordinates": [
          2.1223185,
          50.9787284
        ]
      },
      "properties": {
        "nom": "Gravelines",
        "type": "L",
        "SAT": "",
        "acces": "",
        "appareil": "I7246",
        "description": ""
      }
    },
    {
      "type": "Feature",
      "geometry": {
        "type": "Point",
        "coordinates": [
          2.1224714,
          50.9787242
        ]
      },
      "properties": {
        "nom": "Gravelines",
        "type": "L",
        "SAT": "",
        "acces": "",
        "appareil": "I7247",
        "description": ""
      }
    },
    {
      "type": "Feature",
      "geometry": {
        "type": "Point",
        "coordinates": [
          2.1301579,
          50.978161
        ]
      },
      "properties": {
        "nom": "Gravelines",
        "type": "L",
        "SAT": "SAT1",
        "acces": "",
        "appareil": "I7245",
        "description": ""
      }
    },
    {
      "type": "Feature",
      "geometry": {
        "type": "Point",
        "coordinates": [
          2.1300935,
          50.9781779
        ]
      },
      "properties": {
        "nom": "Gravelines",
        "type": "L",
        "SAT": "SAT1",
        "acces": "",
        "appareil": "SI7245-7246",
        "description": ""
      }
    },
    {
      "type": "Feature",
      "geometry": {
        "type": "Point",
        "coordinates": [
          2.1300855,
          50.9782041
        ]
      },
      "properties": {
        "nom": "Gravelines",
        "type": "L",
        "SAT": "SAT1",
        "acces": "",
        "appareil": "TT7246",
        "description": ""
      }
    },
    {
      "type": "Feature",
      "geometry": {
        "type": "Point",
        "coordinates": [
          2.1301485,
          50.9781864
        ]
      },
      "properties": {
        "nom": "Gravelines",
        "type": "L",
        "SAT": "SAT1",
        "acces": "",
        "appareil": "TT7247",
        "description": ""
      }
    },
    {
      "type": "Feature",
      "geometry": {
        "type": "Point",
        "coordinates": [
          2.1207281,
          50.978788
        ]
      },
      "properties": {
        "nom": "Gravelines",
        "type": "L",
        "SAT": "SAT2",
        "acces": "",
        "appareil": "7506",
        "description": "Manœuvre avec accord de agent E Fréthun"
      }
    },
    {
      "type": "Feature",
      "geometry": {
        "type": "Point",
        "coordinates": [
          2.1207791,
          50.9787853
        ]
      },
      "properties": {
        "nom": "Gravelines",
        "type": "L",
        "SAT": "SAT2",
        "acces": "",
        "appareil": "7507",
        "description": "Manœuvre avec accord de agent E Fréthun"
      }
    },
    {
      "type": "Feature",
      "geometry": {
        "type": "Point",
        "coordinates": [
          2.12083,
          50.9787709
        ]
      },
      "properties": {
        "nom": "Gravelines",
        "type": "L",
        "SAT": "SAT2",
        "acces": "",
        "appareil": "TC7507",
        "description": ""
      }
    },
    {
      "type": "Feature",
      "geometry": {
        "type": "Point",
        "coordinates": [
          2.12083,
          50.9787709
        ]
      },
      "properties": {
        "nom": "Gravelines",
        "type": "L",
        "SAT": "SAT2",
        "acces": "",
        "appareil": "TT7507",
        "description": ""
      }
    },
    {
      "type": "Feature",
      "geometry": {
        "type": "Point",
        "coordinates": [
          2.1206584,
          50.9787787
        ]
      },
      "properties": {
        "nom": "Gravelines",
        "type": "L",
        "SAT": "SAT2",
        "acces": "",
        "appareil": "TT7506",
        "description": ""
      }
    },
    {
      "type": "Feature",
      "geometry": {
        "type": "Point",
        "coordinates": [
          2.1206584,
          50.9787787
        ]
      },
      "properties": {
        "nom": "Gravelines",
        "type": "L",
        "SAT": "SAT2",
        "acces": "",
        "appareil": "TC7506",
        "description": ""
      }
    },
    {
      "type": "Feature",
      "geometry": {
        "type": "Point",
        "coordinates": [
          2.1062726,
          50.9775536
        ]
      },
      "properties": {
        "nom": "Gravelines",
        "type": "L",
        "SAT": "SAT3",
        "acces": "",
        "appareil": "I7248",
        "description": ""
      }
    },
    {
      "type": "Feature",
      "geometry": {
        "type": "Point",
        "coordinates": [
          2.1062055,
          50.9775435
        ]
      },
      "properties": {
        "nom": "Gravelines",
        "type": "L",
        "SAT": "SAT3",
        "acces": "",
        "appareil": "I7249",
        "description": ""
      }
    },
    {
      "type": "Feature",
      "geometry": {
        "type": "Point",
        "coordinates": [
          2.1062619,
          50.9775773
        ]
      },
      "properties": {
        "nom": "Gravelines",
        "type": "L",
        "SAT": "SAT3",
        "acces": "",
        "appareil": "TT7248",
        "description": ""
      }
    },
    {
      "type": "Feature",
      "geometry": {
        "type": "Point",
        "coordinates": [
          2.1061881,
          50.9775621
        ]
      },
      "properties": {
        "nom": "Gravelines",
        "type": "L",
        "SAT": "SAT3",
        "acces": "",
        "appareil": "TT7249",
        "description": ""
      }
    },
    {
      "type": "Feature",
      "geometry": {
        "type": "Point",
        "coordinates": [
          2.1061881,
          50.9775621
        ]
      },
      "properties": {
        "nom": "Gravelines",
        "type": "L",
        "SAT": "SAT3",
        "acces": "",
        "appareil": "TT7250",
        "description": ""
      }
    },
    {
      "type": "Feature",
      "geometry": {
        "type": "Point",
        "coordinates": [
          2.5192149,
          50.7283472
        ]
      },
      "properties": {
        "nom": "Haute Loge",
        "type": "SSP",
        "SAT": "",
        "acces": "sectionneur",
        "appareil": "265-32A",
        "description": "",
        "hors_patrimoine": true
      }
    },
    {
      "type": "Feature",
      "geometry": {
        "type": "Point",
        "coordinates": [
          2.5170251,
          50.728786
        ]
      },
      "properties": {
        "nom": "Haute Loge",
        "type": "SSP",
        "SAT": "",
        "acces": "sectionneur",
        "appareil": "265-42",
        "description": "",
        "hors_patrimoine": true
      }
    },
    {
      "type": "Feature",
      "geometry": {
        "type": "Point",
        "coordinates": [
          2.5196011,
          50.728287
        ]
      },
      "properties": {
        "nom": "Haute Loge",
        "type": "SSP",
        "SAT": "",
        "acces": "sectionneur",
        "appareil": "S36-128",
        "description": "",
        "hors_patrimoine": true
      }
    },
    {
      "type": "Feature",
      "geometry": {
        "type": "Point",
        "coordinates": [
          2.5180603,
          50.7284411
        ]
      },
      "properties": {
        "nom": "Haute Loge",
        "type": "SSP",
        "SAT": "",
        "acces": "sectionneur",
        "appareil": "265-35",
        "description": "",
        "hors_patrimoine": true
      }
    },
    {
      "type": "Feature",
      "geometry": {
        "type": "Point",
        "coordinates": [
          2.505458,
          50.729881
        ]
      },
      "properties": {
        "nom": "Haute Loge",
        "type": "SSP",
        "SAT": "",
        "acces": "",
        "appareil": "AT1",
        "description": "",
        "hors_patrimoine": false
      }
    },
    {
      "type": "Feature",
      "geometry": {
        "type": "Point",
        "coordinates": [
          2.505516,
          50.729874
        ]
      },
      "properties": {
        "nom": "Haute Loge",
        "type": "SSP",
        "SAT": "",
        "acces": "",
        "appareil": "IL1",
        "description": "",
        "hors_patrimoine": false
      }
    },
    {
      "type": "Feature",
      "geometry": {
        "type": "Point",
        "coordinates": [
          2.505516,
          50.729874
        ]
      },
      "properties": {
        "nom": "Haute Loge",
        "type": "SSP",
        "SAT": "",
        "acces": "",
        "appareil": "SAT1",
        "description": "",
        "hors_patrimoine": false
      }
    },
    {
      "type": "Feature",
      "geometry": {
        "type": "Point",
        "coordinates": [
          2.50555,
          50.729879
        ]
      },
      "properties": {
        "nom": "Haute Loge",
        "type": "SSP",
        "SAT": "",
        "acces": "",
        "appareil": "TSA",
        "description": "",
        "hors_patrimoine": false
      }
    },
    {
      "type": "Feature",
      "geometry": {
        "type": "Point",
        "coordinates": [
          2.505579,
          50.729867
        ]
      },
      "properties": {
        "nom": "Haute Loge",
        "type": "SSP",
        "SAT": "",
        "acces": "",
        "appareil": "IL3",
        "description": "",
        "hors_patrimoine": false
      }
    },
    {
      "type": "Feature",
      "geometry": {
        "type": "Point",
        "coordinates": [
          2.505579,
          50.729867
        ]
      },
      "properties": {
        "nom": "Haute Loge",
        "type": "SSP",
        "SAT": "",
        "acces": "",
        "appareil": "SB2",
        "description": "",
        "hors_patrimoine": false
      }
    },
    {
      "type": "Feature",
      "geometry": {
        "type": "Point",
        "coordinates": [
          2.505649,
          50.729862
        ]
      },
      "properties": {
        "nom": "Haute Loge",
        "type": "SSP",
        "SAT": "",
        "acces": "",
        "appareil": "IMP",
        "description": "",
        "hors_patrimoine": false
      }
    },
    {
      "type": "Feature",
      "geometry": {
        "type": "Point",
        "coordinates": [
          2.505709,
          50.729851
        ]
      },
      "properties": {
        "nom": "Haute Loge",
        "type": "SSP",
        "SAT": "",
        "acces": "",
        "appareil": "IL2",
        "description": "",
        "hors_patrimoine": false
      }
    },
    {
      "type": "Feature",
      "geometry": {
        "type": "Point",
        "coordinates": [
          2.505709,
          50.729851
        ]
      },
      "properties": {
        "nom": "Haute Loge",
        "type": "SSP",
        "SAT": "",
        "acces": "",
        "appareil": "SB1",
        "description": "",
        "hors_patrimoine": false
      }
    },
    {
      "type": "Feature",
      "geometry": {
        "type": "Point",
        "coordinates": [
          2.505769,
          50.729845
        ]
      },
      "properties": {
        "nom": "Haute Loge",
        "type": "SSP",
        "SAT": "",
        "acces": "",
        "appareil": "IL4",
        "description": "",
        "hors_patrimoine": false
      }
    },
    {
      "type": "Feature",
      "geometry": {
        "type": "Point",
        "coordinates": [
          2.505769,
          50.729845
        ]
      },
      "properties": {
        "nom": "Haute Loge",
        "type": "SSP",
        "SAT": "",
        "acces": "",
        "appareil": "SAT2",
        "description": "",
        "hors_patrimoine": false
      }
    },
    {
      "type": "Feature",
      "geometry": {
        "type": "Point",
        "coordinates": [
          2.505835,
          50.729831
        ]
      },
      "properties": {
        "nom": "Haute Loge",
        "type": "SSP",
        "SAT": "",
        "acces": "",
        "appareil": "AT2",
        "description": "",
        "hors_patrimoine": false
      }
    },
    {
      "type": "Feature",
      "geometry": {
        "type": "Point",
        "coordinates": [
          2.50554,
          50.729936
        ]
      },
      "properties": {
        "nom": "Haute Loge",
        "type": "SSP",
        "SAT": "",
        "acces": "",
        "appareil": "TT5231",
        "description": "",
        "hors_patrimoine": false
      }
    },
    {
      "type": "Feature",
      "geometry": {
        "type": "Point",
        "coordinates": [
          2.50554,
          50.729936
        ]
      },
      "properties": {
        "nom": "Haute Loge",
        "type": "SSP",
        "SAT": "",
        "acces": "",
        "appareil": "T1",
        "description": "",
        "hors_patrimoine": true
      }
    },
    {
      "type": "Feature",
      "geometry": {
        "type": "Point",
        "coordinates": [
          2.505574,
          50.72993
        ]
      },
      "properties": {
        "nom": "Haute Loge",
        "type": "SSP",
        "SAT": "",
        "acces": "",
        "appareil": "S1",
        "description": "",
        "hors_patrimoine": false
      }
    },
    {
      "type": "Feature",
      "geometry": {
        "type": "Point",
        "coordinates": [
          2.505608,
          50.729927
        ]
      },
      "properties": {
        "nom": "Haute Loge",
        "type": "SSP",
        "SAT": "",
        "acces": "",
        "appareil": "TT33",
        "description": "",
        "hors_patrimoine": false
      }
    },
    {
      "type": "Feature",
      "geometry": {
        "type": "Point",
        "coordinates": [
          2.505608,
          50.729927
        ]
      },
      "properties": {
        "nom": "Haute Loge",
        "type": "SSP",
        "SAT": "",
        "acces": "",
        "appareil": "T3",
        "description": "",
        "hors_patrimoine": true
      }
    },
    {
      "type": "Feature",
      "geometry": {
        "type": "Point",
        "coordinates": [
          2.505729,
          50.729912
        ]
      },
      "properties": {
        "nom": "Haute Loge",
        "type": "SSP",
        "SAT": "",
        "acces": "",
        "appareil": "TT5232",
        "description": "",
        "hors_patrimoine": false
      }
    },
    {
      "type": "Feature",
      "geometry": {
        "type": "Point",
        "coordinates": [
          2.505729,
          50.729912
        ]
      },
      "properties": {
        "nom": "Haute Loge",
        "type": "SSP",
        "SAT": "",
        "acces": "",
        "appareil": "T2",
        "description": "",
        "hors_patrimoine": true
      }
    },
    {
      "type": "Feature",
      "geometry": {
        "type": "Point",
        "coordinates": [
          2.505765,
          50.729908
        ]
      },
      "properties": {
        "nom": "Haute Loge",
        "type": "SSP",
        "SAT": "",
        "acces": "",
        "appareil": "S2",
        "description": "",
        "hors_patrimoine": false
      }
    },
    {
      "type": "Feature",
      "geometry": {
        "type": "Point",
        "coordinates": [
          2.50579,
          50.729903
        ]
      },
      "properties": {
        "nom": "Haute Loge",
        "type": "SSP",
        "SAT": "",
        "acces": "",
        "appareil": "TT41",
        "description": "",
        "hors_patrimoine": false
      }
    },
    {
      "type": "Feature",
      "geometry": {
        "type": "Point",
        "coordinates": [
          2.50579,
          50.729903
        ]
      },
      "properties": {
        "nom": "Haute Loge",
        "type": "SSP",
        "SAT": "",
        "acces": "",
        "appareil": "T4",
        "description": "",
        "hors_patrimoine": true
      }
    },
    {
      "type": "Feature",
      "geometry": {
        "type": "Point",
        "coordinates": [
          1.6043935,
          50.7050668
        ]
      },
      "properties": {
        "nom": "Hauteville",
        "type": "SSPA",
        "SAT": "SAT1",
        "acces": "",
        "appareil": "5772",
        "description": ""
      }
    },
    {
      "type": "Feature",
      "geometry": {
        "type": "Point",
        "coordinates": [
          1.6044092,
          50.7044635
        ]
      },
      "properties": {
        "nom": "Hauteville",
        "type": "SSPA",
        "SAT": "SAT1",
        "acces": "",
        "appareil": "S5734-5772",
        "description": "",
        "hors_patrimoine": true
      }
    },
    {
      "type": "Feature",
      "geometry": {
        "type": "Point",
        "coordinates": [
          1.6133406,
          50.7212898
        ]
      },
      "properties": {
        "nom": "Hauteville",
        "type": "SSPA",
        "SAT": "",
        "acces": "",
        "appareil": "254-13C",
        "description": ""
      }
    },
    {
      "type": "Feature",
      "geometry": {
        "type": "Point",
        "coordinates": [
          1.6043921,
          50.7045707
        ]
      },
      "properties": {
        "nom": "Hauteville",
        "type": "SSPA",
        "SAT": "SAT1",
        "acces": "",
        "appareil": "I5736",
        "description": ""
      }
    },
    {
      "type": "Feature",
      "geometry": {
        "type": "Point",
        "coordinates": [
          1.6043009,
          50.7057357
        ]
      },
      "properties": {
        "nom": "Hauteville",
        "type": "SSPA",
        "SAT": "SAT1",
        "acces": "",
        "appareil": "I5737",
        "description": ""
      }
    },
    {
      "type": "Feature",
      "geometry": {
        "type": "Point",
        "coordinates": [
          1.6130211,
          50.7188682
        ]
      },
      "properties": {
        "nom": "Hauteville",
        "type": "SSPA",
        "SAT": "",
        "acces": "",
        "appareil": "I5743",
        "description": ""
      }
    },
    {
      "type": "Feature",
      "geometry": {
        "type": "Point",
        "coordinates": [
          1.6133286,
          50.7213306
        ]
      },
      "properties": {
        "nom": "Hauteville",
        "type": "SSPA",
        "SAT": "",
        "acces": "",
        "appareil": "IL1",
        "description": ""
      }
    },
    {
      "type": "Feature",
      "geometry": {
        "type": "Point",
        "coordinates": [
          1.6133688,
          50.7212143
        ]
      },
      "properties": {
        "nom": "Hauteville",
        "type": "SSPA",
        "SAT": "",
        "acces": "",
        "appareil": "IL2",
        "description": ""
      }
    },
    {
      "type": "Feature",
      "geometry": {
        "type": "Point",
        "coordinates": [
          1.6133581,
          50.721255
        ]
      },
      "properties": {
        "nom": "Hauteville",
        "type": "SSPA",
        "SAT": "",
        "acces": "",
        "appareil": "IMP",
        "description": ""
      }
    },
    {
      "type": "Feature",
      "geometry": {
        "type": "Point",
        "coordinates": [
          1.6133822,
          50.7211744
        ]
      },
      "properties": {
        "nom": "Hauteville",
        "type": "SSPA",
        "SAT": "",
        "acces": "",
        "appareil": "TT5740",
        "description": ""
      }
    },
    {
      "type": "Feature",
      "geometry": {
        "type": "Point",
        "coordinates": [
          1.6128494,
          50.7186056
        ]
      },
      "properties": {
        "nom": "Hauteville",
        "type": "SSPA",
        "SAT": "",
        "acces": "",
        "appareil": "TT5741",
        "description": ""
      }
    },
    {
      "type": "Feature",
      "geometry": {
        "type": "Point",
        "coordinates": [
          1.6130383,
          50.72162
        ]
      },
      "properties": {
        "nom": "Hauteville",
        "type": "SSPA",
        "SAT": "",
        "acces": "",
        "appareil": "TT5743",
        "description": ""
      }
    },
    {
      "type": "Feature",
      "geometry": {
        "type": "Point",
        "coordinates": [
          1.6129136,
          50.7218338
        ]
      },
      "properties": {
        "nom": "Hauteville",
        "type": "SSPA",
        "SAT": "",
        "acces": "",
        "appareil": "TT5832",
        "description": ""
      }
    },
    {
      "type": "Feature",
      "geometry": {
        "type": "Point",
        "coordinates": [
          1.6043212,
          50.7065376
        ]
      },
      "properties": {
        "nom": "Hauteville",
        "type": "SSPA",
        "SAT": "SAT1",
        "acces": "",
        "appareil": "252-5A",
        "description": ""
      }
    },
    {
      "type": "Feature",
      "geometry": {
        "type": "Point",
        "coordinates": [
          1.6044794,
          50.7061743
        ]
      },
      "properties": {
        "nom": "Hauteville",
        "type": "SSPA",
        "SAT": "SAT1",
        "acces": "",
        "appareil": "I5738",
        "description": ""
      }
    },
    {
      "type": "Feature",
      "geometry": {
        "type": "Point",
        "coordinates": [
          1.6044471,
          50.7058435
        ]
      },
      "properties": {
        "nom": "Hauteville",
        "type": "SSPA",
        "SAT": "SAT1",
        "acces": "",
        "appareil": "TT5736",
        "description": ""
      }
    },
    {
      "type": "Feature",
      "geometry": {
        "type": "Point",
        "coordinates": [
          1.6080566,
          50.7131142
        ]
      },
      "properties": {
        "nom": "Hauteville",
        "type": "SSPA",
        "SAT": "SAT2",
        "acces": "",
        "appareil": "253-11B",
        "description": ""
      }
    },
    {
      "type": "Feature",
      "geometry": {
        "type": "Point",
        "coordinates": [
          1.6080163,
          50.7130819
        ]
      },
      "properties": {
        "nom": "Hauteville",
        "type": "SSPA",
        "SAT": "SAT2",
        "acces": "",
        "appareil": "I5739",
        "description": ""
      }
    },
    {
      "type": "Feature",
      "geometry": {
        "type": "Point",
        "coordinates": [
          1.6082698,
          50.7130021
        ]
      },
      "properties": {
        "nom": "Hauteville",
        "type": "SSPA",
        "SAT": "SAT2",
        "acces": "",
        "appareil": "I5740",
        "description": ""
      }
    },
    {
      "type": "Feature",
      "geometry": {
        "type": "Point",
        "coordinates": [
          1.6080163,
          50.7130819
        ]
      },
      "properties": {
        "nom": "Hauteville",
        "type": "SSPA",
        "SAT": "SAT2",
        "acces": "",
        "appareil": "TT5737",
        "description": "TT avec grillage"
      }
    },
    {
      "type": "Feature",
      "geometry": {
        "type": "Point",
        "coordinates": [
          1.6082698,
          50.7130021
        ]
      },
      "properties": {
        "nom": "Hauteville",
        "type": "SSPA",
        "SAT": "SAT2",
        "acces": "",
        "appareil": "TT5738",
        "description": ""
      }
    },
    {
      "type": "Feature",
      "geometry": {
        "type": "Point",
        "coordinates": [
          1.6116262,
          50.7171023
        ]
      },
      "properties": {
        "nom": "Hauteville",
        "type": "SSPA",
        "SAT": "SAT3",
        "acces": "",
        "appareil": "I5741",
        "description": ""
      }
    },
    {
      "type": "Feature",
      "geometry": {
        "type": "Point",
        "coordinates": [
          1.6124183,
          50.7174073
        ]
      },
      "properties": {
        "nom": "Hauteville",
        "type": "SSPA",
        "SAT": "SAT3",
        "acces": "",
        "appareil": "IA1",
        "description": ""
      }
    },
    {
      "type": "Feature",
      "geometry": {
        "type": "Point",
        "coordinates": [
          1.6124183,
          50.7174073
        ]
      },
      "properties": {
        "nom": "Hauteville",
        "type": "SSPA",
        "SAT": "SAT3",
        "acces": "",
        "appareil": "TT IA1",
        "description": ""
      }
    },
    {
      "type": "Feature",
      "geometry": {
        "type": "Point",
        "coordinates": [
          1.6124183,
          50.7174073
        ]
      },
      "properties": {
        "nom": "Hauteville",
        "type": "SSPA",
        "SAT": "SAT3",
        "acces": "",
        "appareil": "TC IA1",
        "description": ""
      }
    },
    {
      "type": "Feature",
      "geometry": {
        "type": "Point",
        "coordinates": [
          1.6116999,
          50.7171651
        ]
      },
      "properties": {
        "nom": "Hauteville",
        "type": "SSPA",
        "SAT": "SAT3",
        "acces": "",
        "appareil": "S5741-5785",
        "description": ""
      }
    },
    {
      "type": "Feature",
      "geometry": {
        "type": "Point",
        "coordinates": [
          1.6116262,
          50.7171023
        ]
      },
      "properties": {
        "nom": "Hauteville",
        "type": "SSPA",
        "SAT": "SAT3",
        "acces": "",
        "appareil": "TT5739",
        "description": ""
      }
    },
    {
      "type": "Feature",
      "geometry": {
        "type": "Point",
        "coordinates": [
          2.55115,
          50.72339
        ]
      },
      "properties": {
        "nom": "Hazebrouck",
        "type": "",
        "SAT": "",
        "acces": "263-16",
        "appareil": "263-16",
        "description": "👤 À la demande du régulateur, appareil à manœuvrer pour les consignations C de Thiennes.",
        "hors_patrimoine": true
      }
    },
    {
      "type": "Feature",
      "geometry": {
        "type": "Point",
        "coordinates": [
          2.549135,
          50.72384
        ]
      },
      "properties": {
        "nom": "Hazebrouck",
        "type": "SSPA",
        "SAT": "",
        "acces": "",
        "appareil": "IA1",
        "description": "",
        "hors_patrimoine": false
      }
    },
    {
      "type": "Feature",
      "geometry": {
        "type": "Point",
        "coordinates": [
          2.549135,
          50.72384
        ]
      },
      "properties": {
        "nom": "Hazebrouck",
        "type": "SSPA",
        "SAT": "",
        "acces": "",
        "appareil": "TT IA1",
        "description": "",
        "hors_patrimoine": false
      }
    },
    {
      "type": "Feature",
      "geometry": {
        "type": "Point",
        "coordinates": [
          2.549135,
          50.72384
        ]
      },
      "properties": {
        "nom": "Hazebrouck",
        "type": "SSPA",
        "SAT": "",
        "acces": "",
        "appareil": "TC IA1",
        "description": "",
        "hors_patrimoine": false
      }
    },
    {
      "type": "Feature",
      "geometry": {
        "type": "Point",
        "coordinates": [
          2.549135,
          50.72384
        ]
      },
      "properties": {
        "nom": "Hazebrouck",
        "type": "SSPA",
        "SAT": "",
        "acces": "",
        "appareil": "T1",
        "description": "",
        "hors_patrimoine": true
      }
    },
    {
      "type": "Feature",
      "geometry": {
        "type": "Point",
        "coordinates": [
          2.549194,
          50.723831
        ]
      },
      "properties": {
        "nom": "Hazebrouck",
        "type": "SSPA",
        "SAT": "",
        "acces": "",
        "appareil": "IL6",
        "description": "",
        "hors_patrimoine": false
      }
    },
    {
      "type": "Feature",
      "geometry": {
        "type": "Point",
        "coordinates": [
          2.549194,
          50.723831
        ]
      },
      "properties": {
        "nom": "Hazebrouck",
        "type": "SSPA",
        "SAT": "",
        "acces": "",
        "appareil": "IL4",
        "description": "",
        "hors_patrimoine": false
      }
    },
    {
      "type": "Feature",
      "geometry": {
        "type": "Point",
        "coordinates": [
          2.549267,
          50.723812
        ]
      },
      "properties": {
        "nom": "Hazebrouck",
        "type": "SSPA",
        "SAT": "",
        "acces": "",
        "appareil": "IL2",
        "description": "",
        "hors_patrimoine": false
      }
    },
    {
      "type": "Feature",
      "geometry": {
        "type": "Point",
        "coordinates": [
          2.549333,
          50.723799
        ]
      },
      "properties": {
        "nom": "Hazebrouck",
        "type": "SSPA",
        "SAT": "",
        "acces": "",
        "appareil": "IMP",
        "description": "",
        "hors_patrimoine": false
      }
    },
    {
      "type": "Feature",
      "geometry": {
        "type": "Point",
        "coordinates": [
          2.549333,
          50.723799
        ]
      },
      "properties": {
        "nom": "Hazebrouck",
        "type": "SSPA",
        "SAT": "",
        "acces": "",
        "appareil": "T3",
        "description": "",
        "hors_patrimoine": true
      }
    },
    {
      "type": "Feature",
      "geometry": {
        "type": "Point",
        "coordinates": [
          2.549333,
          50.723799
        ]
      },
      "properties": {
        "nom": "Hazebrouck",
        "type": "SSPA",
        "SAT": "",
        "acces": "",
        "appareil": "TT PAIR",
        "description": "",
        "hors_patrimoine": false
      }
    },
    {
      "type": "Feature",
      "geometry": {
        "type": "Point",
        "coordinates": [
          2.549333,
          50.723799
        ]
      },
      "properties": {
        "nom": "Hazebrouck",
        "type": "SSPA",
        "SAT": "",
        "acces": "",
        "appareil": "TT IMPAIR",
        "description": "",
        "hors_patrimoine": false
      }
    },
    {
      "type": "Feature",
      "geometry": {
        "type": "Point",
        "coordinates": [
          2.549356,
          50.723821
        ]
      },
      "properties": {
        "nom": "Hazebrouck",
        "type": "SSPA",
        "SAT": "",
        "acces": "",
        "appareil": "IL1",
        "description": "",
        "hors_patrimoine": false
      }
    },
    {
      "type": "Feature",
      "geometry": {
        "type": "Point",
        "coordinates": [
          2.549294,
          50.723836
        ]
      },
      "properties": {
        "nom": "Hazebrouck",
        "type": "SSPA",
        "SAT": "",
        "acces": "",
        "appareil": "IL3",
        "description": "",
        "hors_patrimoine": false
      }
    },
    {
      "type": "Feature",
      "geometry": {
        "type": "Point",
        "coordinates": [
          2.54921,
          50.72385
        ]
      },
      "properties": {
        "nom": "Hazebrouck",
        "type": "SSPA",
        "SAT": "",
        "acces": "",
        "appareil": "32",
        "description": "",
        "hors_patrimoine": true
      }
    },
    {
      "type": "Feature",
      "geometry": {
        "type": "Point",
        "coordinates": [
          2.54921,
          50.72385
        ]
      },
      "properties": {
        "nom": "Hazebrouck",
        "type": "SSPA",
        "SAT": "",
        "acces": "",
        "appareil": "34",
        "description": "",
        "hors_patrimoine": true
      }
    },
    {
      "type": "Feature",
      "geometry": {
        "type": "Point",
        "coordinates": [
          2.549135,
          50.723876
        ]
      },
      "properties": {
        "nom": "Hazebrouck",
        "type": "SSPA",
        "SAT": "",
        "acces": "",
        "appareil": "IL5",
        "description": "",
        "hors_patrimoine": false
      }
    },
    {
      "type": "Feature",
      "geometry": {
        "type": "Point",
        "coordinates": [
          3.1139423,
          50.6025849
        ]
      },
      "properties": {
        "nom": "Hellu",
        "type": "SP",
        "SAT": "",
        "acces": "",
        "appareil": "A1 (puit de terre)",
        "description": ""
      }
    },
    {
      "type": "Feature",
      "geometry": {
        "type": "Point",
        "coordinates": [
          3.1141575,
          50.6025053
        ]
      },
      "properties": {
        "nom": "Hellu",
        "type": "SP",
        "SAT": "",
        "acces": "",
        "appareil": "IMP",
        "description": ""
      }
    },
    {
      "type": "Feature",
      "geometry": {
        "type": "Point",
        "coordinates": [
          3.1140181,
          50.6025521
        ]
      },
      "properties": {
        "nom": "Hellu",
        "type": "SP",
        "SAT": "",
        "acces": "",
        "appareil": "IP1",
        "description": ""
      }
    },
    {
      "type": "Feature",
      "geometry": {
        "type": "Point",
        "coordinates": [
          3.1142139,
          50.6024832
        ]
      },
      "properties": {
        "nom": "Hellu",
        "type": "SP",
        "SAT": "",
        "acces": "",
        "appareil": "IP2",
        "description": ""
      }
    },
    {
      "type": "Feature",
      "geometry": {
        "type": "Point",
        "coordinates": [
          3.1140194,
          50.6026836
        ]
      },
      "properties": {
        "nom": "Hellu",
        "type": "SP",
        "SAT": "",
        "acces": "",
        "appareil": "SM1",
        "description": ""
      }
    },
    {
      "type": "Feature",
      "geometry": {
        "type": "Point",
        "coordinates": [
          3.1143339,
          50.6025781
        ]
      },
      "properties": {
        "nom": "Hellu",
        "type": "SP",
        "SAT": "",
        "acces": "",
        "appareil": "SM2",
        "description": ""
      }
    },
    {
      "type": "Feature",
      "geometry": {
        "type": "Point",
        "coordinates": [
          3.1140724,
          50.6025334
        ]
      },
      "properties": {
        "nom": "Hellu",
        "type": "SP",
        "SAT": "",
        "acces": "",
        "appareil": "TSA",
        "description": ""
      }
    },
    {
      "type": "Feature",
      "geometry": {
        "type": "Point",
        "coordinates": [
          3.11435,
          50.6025721
        ]
      },
      "properties": {
        "nom": "Hellu",
        "type": "SP",
        "SAT": "",
        "acces": "",
        "appareil": "TT524",
        "description": ""
      }
    },
    {
      "type": "Feature",
      "geometry": {
        "type": "Point",
        "coordinates": [
          3.1142749,
          50.6025951
        ]
      },
      "properties": {
        "nom": "Hellu",
        "type": "SP",
        "SAT": "",
        "acces": "",
        "appareil": "TT532",
        "description": ""
      }
    },
    {
      "type": "Feature",
      "geometry": {
        "type": "Point",
        "coordinates": [
          3.1140308,
          50.6026794
        ]
      },
      "properties": {
        "nom": "Hellu",
        "type": "SP",
        "SAT": "",
        "acces": "",
        "appareil": "TT533",
        "description": ""
      }
    },
    {
      "type": "Feature",
      "geometry": {
        "type": "Point",
        "coordinates": [
          2.5209629,
          50.7639065
        ]
      },
      "properties": {
        "nom": "Hondeghem",
        "type": "PRCI",
        "SAT": "",
        "acces": "",
        "appareil": "TT605",
        "description": ""
      }
    },
    {
      "type": "Feature",
      "geometry": {
        "type": "Point",
        "coordinates": [
          2.515928,
          50.765182
        ]
      },
      "properties": {
        "nom": "Hondeghem",
        "type": "PRCI",
        "SAT": "",
        "acces": "",
        "appareil": "TT607",
        "description": ""
      }
    },
    {
      "type": "Feature",
      "geometry": {
        "type": "Point",
        "coordinates": [
          2.52253,
          50.763408
        ]
      },
      "properties": {
        "nom": "Hondeghem",
        "type": "PRCI",
        "SAT": "",
        "acces": "",
        "appareil": "I605",
        "description": ""
      }
    },
    {
      "type": "Feature",
      "geometry": {
        "type": "Point",
        "coordinates": [
          2.480917,
          50.774964
        ]
      },
      "properties": {
        "nom": "Hondeghem",
        "type": "PRCI",
        "SAT": "",
        "acces": "",
        "appareil": "I608",
        "description": ""
      }
    },
    {
      "type": "Feature",
      "geometry": {
        "type": "Point",
        "coordinates": [
          2.498366,
          50.769933
        ]
      },
      "properties": {
        "nom": "Hondeghem",
        "type": "PRCI",
        "SAT": "",
        "acces": "",
        "appareil": "I611",
        "description": ""
      }
    },
    {
      "type": "Feature",
      "geometry": {
        "type": "Point",
        "coordinates": [
          2.504563,
          50.768296
        ]
      },
      "properties": {
        "nom": "Hondeghem",
        "type": "PRCI",
        "SAT": "",
        "acces": "",
        "appareil": "TT609",
        "description": ""
      }
    },
    {
      "type": "Feature",
      "geometry": {
        "type": "Point",
        "coordinates": [
          2.514006,
          50.765658
        ]
      },
      "properties": {
        "nom": "Hondeghem",
        "type": "PRCI",
        "SAT": "",
        "acces": "",
        "appareil": "I604",
        "description": "",
        "hors_patrimoine": false
      }
    },
    {
      "type": "Feature",
      "geometry": {
        "type": "Point",
        "coordinates": [
          2.514,
          50.765701
        ]
      },
      "properties": {
        "nom": "Hondeghem",
        "type": "PRCI",
        "SAT": "",
        "acces": "",
        "appareil": "T4",
        "description": "",
        "hors_patrimoine": true
      }
    },
    {
      "type": "Feature",
      "geometry": {
        "type": "Point",
        "coordinates": [
          2.514054,
          50.765687
        ]
      },
      "properties": {
        "nom": "Hondeghem",
        "type": "PRCI",
        "SAT": "",
        "acces": "",
        "appareil": "T2",
        "description": "",
        "hors_patrimoine": true
      }
    },
    {
      "type": "Feature",
      "geometry": {
        "type": "Point",
        "coordinates": [
          2.522581,
          50.76345
        ]
      },
      "properties": {
        "nom": "Hondeghem",
        "type": "PRCI",
        "SAT": "",
        "acces": "",
        "appareil": "T1",
        "description": "",
        "hors_patrimoine": true
      }
    },
    {
      "type": "Feature",
      "geometry": {
        "type": "Point",
        "coordinates": [
          2.522527,
          50.763459
        ]
      },
      "properties": {
        "nom": "Hondeghem",
        "type": "PRCI",
        "SAT": "",
        "acces": "",
        "appareil": "T3",
        "description": "",
        "hors_patrimoine": true
      }
    },
    {
      "type": "Feature",
      "geometry": {
        "type": "Point",
        "coordinates": [
          2.498352,
          50.769979
        ]
      },
      "properties": {
        "nom": "Hondeghem",
        "type": "PRCI",
        "SAT": "",
        "acces": "",
        "appareil": "T7",
        "description": "",
        "hors_patrimoine": true
      }
    },
    {
      "type": "Feature",
      "geometry": {
        "type": "Point",
        "coordinates": [
          2.498415,
          50.769969
        ]
      },
      "properties": {
        "nom": "Hondeghem",
        "type": "PRCI",
        "SAT": "",
        "acces": "",
        "appareil": "T5",
        "description": "",
        "hors_patrimoine": true
      }
    },
    {
      "type": "Feature",
      "geometry": {
        "type": "Point",
        "coordinates": [
          2.505048,
          50.768173
        ]
      },
      "properties": {
        "nom": "Hondeghem",
        "type": "PRCI",
        "SAT": "",
        "acces": "",
        "appareil": "607",
        "description": "",
        "hors_patrimoine": true
      }
    },
    {
      "type": "Feature",
      "geometry": {
        "type": "Point",
        "coordinates": [
          2.505048,
          50.768173
        ]
      },
      "properties": {
        "nom": "Hondeghem",
        "type": "PRCI",
        "SAT": "",
        "acces": "",
        "appareil": "609",
        "description": "",
        "hors_patrimoine": true
      }
    },
    {
      "type": "Feature",
      "geometry": {
        "type": "Point",
        "coordinates": [
          2.480868,
          50.77493
        ]
      },
      "properties": {
        "nom": "Hondeghem",
        "type": "PRCI",
        "SAT": "",
        "acces": "",
        "appareil": "T4",
        "description": "",
        "hors_patrimoine": true
      }
    },
    {
      "type": "Feature",
      "geometry": {
        "type": "Point",
        "coordinates": [
          2.48092,
          50.77491
        ]
      },
      "properties": {
        "nom": "Hondeghem",
        "type": "PRCI",
        "SAT": "",
        "acces": "",
        "appareil": "T2",
        "description": "",
        "hors_patrimoine": true
      }
    },
    {
      "type": "Feature",
      "geometry": {
        "type": "Point",
        "coordinates": [
          3.0675196,
          50.6142756
        ]
      },
      "properties": {
        "nom": "Justice",
        "type": "SSP",
        "SAT": "SAT1",
        "acces": "",
        "appareil": "SM2",
        "description": ""
      }
    },
    {
      "type": "Feature",
      "geometry": {
        "type": "Point",
        "coordinates": [
          3.0675196,
          50.6142756
        ]
      },
      "properties": {
        "nom": "Justice",
        "type": "SSP",
        "SAT": "SAT1",
        "acces": "",
        "appareil": "TT11",
        "description": ""
      }
    },
    {
      "type": "Feature",
      "geometry": {
        "type": "Point",
        "coordinates": [
          3.06252,
          50.61555
        ]
      },
      "properties": {
        "nom": "Justice",
        "type": "SSP",
        "SAT": "SAT1",
        "acces": "",
        "appareil": "Alimentation",
        "description": "Alimentation SE",
        "hors_patrimoine": true
      }
    },
    {
      "type": "Feature",
      "geometry": {
        "type": "Point",
        "coordinates": [
          3.0708446,
          50.6608235
        ]
      },
      "properties": {
        "nom": "La madeleine",
        "type": "L",
        "SAT": "",
        "acces": "",
        "appareil": "I5010",
        "description": ""
      }
    },
    {
      "type": "Feature",
      "geometry": {
        "type": "Point",
        "coordinates": [
          3.0781562,
          50.6607563
        ]
      },
      "properties": {
        "nom": "La madeleine",
        "type": "L",
        "SAT": "SAT1",
        "acces": "",
        "appareil": "I5007",
        "description": ""
      }
    },
    {
      "type": "Feature",
      "geometry": {
        "type": "Point",
        "coordinates": [
          3.0583776,
          50.6606876
        ]
      },
      "properties": {
        "nom": "La madeleine",
        "type": "L",
        "SAT": "SAT2",
        "acces": "",
        "appareil": "I5008",
        "description": ""
      }
    },
    {
      "type": "Feature",
      "geometry": {
        "type": "Point",
        "coordinates": [
          3.0238698,
          50.6596357
        ]
      },
      "properties": {
        "nom": "Lambersart",
        "type": "LGV",
        "SAT": "",
        "acces": "",
        "appareil": "TT551",
        "description": ""
      }
    },
    {
      "type": "Feature",
      "geometry": {
        "type": "Point",
        "coordinates": [
          3.0248875,
          50.659276
        ]
      },
      "properties": {
        "nom": "Lambersart",
        "type": "PRCI",
        "SAT": "",
        "acces": "",
        "appareil": "I544",
        "description": ""
      }
    },
    {
      "type": "Feature",
      "geometry": {
        "type": "Point",
        "coordinates": [
          3.0249948,
          50.6592437
        ]
      },
      "properties": {
        "nom": "Lambersart",
        "type": "PRCI",
        "SAT": "",
        "acces": "",
        "appareil": "I551",
        "description": ""
      }
    },
    {
      "type": "Feature",
      "geometry": {
        "type": "Point",
        "coordinates": [
          3.0445713,
          50.6535305
        ]
      },
      "properties": {
        "nom": "Lambersart",
        "type": "PRCI",
        "SAT": "",
        "acces": "",
        "appareil": "TT547",
        "description": ""
      }
    },
    {
      "type": "Feature",
      "geometry": {
        "type": "Point",
        "coordinates": [
          3.0250174,
          50.659292
        ]
      },
      "properties": {
        "nom": "Lambersart",
        "type": "PRCI",
        "SAT": "",
        "acces": "",
        "appareil": "TT549",
        "description": ""
      }
    },
    {
      "type": "Feature",
      "geometry": {
        "type": "Point",
        "coordinates": [
          3.0218438,
          50.6602266
        ]
      },
      "properties": {
        "nom": "Lambersart",
        "type": "SSP",
        "SAT": "",
        "acces": "",
        "appareil": "5705-5715",
        "description": ""
      }
    },
    {
      "type": "Feature",
      "geometry": {
        "type": "Point",
        "coordinates": [
          3.021951,
          50.6601803
        ]
      },
      "properties": {
        "nom": "Lambersart",
        "type": "SSP",
        "SAT": "",
        "acces": "",
        "appareil": "5707-5713",
        "description": ""
      }
    },
    {
      "type": "Feature",
      "geometry": {
        "type": "Point",
        "coordinates": [
          3.0218934,
          50.6602033
        ]
      },
      "properties": {
        "nom": "Lambersart",
        "type": "SSP",
        "SAT": "",
        "acces": "",
        "appareil": "I5715",
        "description": ""
      }
    },
    {
      "type": "Feature",
      "geometry": {
        "type": "Point",
        "coordinates": [
          3.0241983,
          50.659544
        ]
      },
      "properties": {
        "nom": "Lambersart",
        "type": "SSP",
        "SAT": "",
        "acces": "",
        "appareil": "IL1",
        "description": ""
      }
    },
    {
      "type": "Feature",
      "geometry": {
        "type": "Point",
        "coordinates": [
          3.0243163,
          50.6595062
        ]
      },
      "properties": {
        "nom": "Lambersart",
        "type": "SSP",
        "SAT": "",
        "acces": "",
        "appareil": "IL2",
        "description": ""
      }
    },
    {
      "type": "Feature",
      "geometry": {
        "type": "Point",
        "coordinates": [
          3.022058,
          50.6601824
        ]
      },
      "properties": {
        "nom": "Lambersart",
        "type": "SSP",
        "SAT": "",
        "acces": "",
        "appareil": "IL3",
        "description": ""
      }
    },
    {
      "type": "Feature",
      "geometry": {
        "type": "Point",
        "coordinates": [
          3.0221111,
          50.6601651
        ]
      },
      "properties": {
        "nom": "Lambersart",
        "type": "SSP",
        "SAT": "",
        "acces": "",
        "appareil": "IL4",
        "description": ""
      }
    },
    {
      "type": "Feature",
      "geometry": {
        "type": "Point",
        "coordinates": [
          3.0229644,
          50.6596086
        ]
      },
      "properties": {
        "nom": "Lambersart",
        "type": "SSP",
        "SAT": "",
        "acces": "",
        "appareil": "IL5",
        "description": ""
      }
    },
    {
      "type": "Feature",
      "geometry": {
        "type": "Point",
        "coordinates": [
          3.0230958,
          50.6595219
        ]
      },
      "properties": {
        "nom": "Lambersart",
        "type": "SSP",
        "SAT": "",
        "acces": "",
        "appareil": "IL6",
        "description": ""
      }
    },
    {
      "type": "Feature",
      "geometry": {
        "type": "Point",
        "coordinates": [
          3.0230516,
          50.6595491
        ]
      },
      "properties": {
        "nom": "Lambersart",
        "type": "SSP",
        "SAT": "",
        "acces": "",
        "appareil": "IL7",
        "description": ""
      }
    },
    {
      "type": "Feature",
      "geometry": {
        "type": "Point",
        "coordinates": [
          3.0333346,
          50.6568107
        ]
      },
      "properties": {
        "nom": "Lambersart",
        "type": "SSP",
        "SAT": "",
        "acces": "",
        "appareil": "S5003-5711",
        "description": ""
      }
    },
    {
      "type": "Feature",
      "geometry": {
        "type": "Point",
        "coordinates": [
          3.0330194,
          50.6568736
        ]
      },
      "properties": {
        "nom": "Lambersart",
        "type": "SSP",
        "SAT": "",
        "acces": "",
        "appareil": "S5005-5702",
        "description": ""
      }
    },
    {
      "type": "Feature",
      "geometry": {
        "type": "Point",
        "coordinates": [
          3.0230046,
          50.6595771
        ]
      },
      "properties": {
        "nom": "Lambersart",
        "type": "SSP",
        "SAT": "",
        "acces": "",
        "appareil": "TT Bif de Lambersart",
        "description": ""
      }
    },
    {
      "type": "Feature",
      "geometry": {
        "type": "Point",
        "coordinates": [
          3.0220019,
          50.6601978
        ]
      },
      "properties": {
        "nom": "Lambersart",
        "type": "SSP",
        "SAT": "",
        "acces": "",
        "appareil": "TT Lambersart Armentieres V1",
        "description": ""
      }
    },
    {
      "type": "Feature",
      "geometry": {
        "type": "Point",
        "coordinates": [
          3.0242546,
          50.6595275
        ]
      },
      "properties": {
        "nom": "Lambersart",
        "type": "SSP",
        "SAT": "",
        "acces": "",
        "appareil": "TT Lambersart Lion d'or V1",
        "description": ""
      }
    },
    {
      "type": "Feature",
      "geometry": {
        "type": "Point",
        "coordinates": [
          3.024382,
          50.6595904
        ]
      },
      "properties": {
        "nom": "Lambersart",
        "type": "SSP",
        "SAT": "",
        "acces": "",
        "appareil": "TT Lambersart Lion d'or V2",
        "description": ""
      }
    },
    {
      "type": "Feature",
      "geometry": {
        "type": "Point",
        "coordinates": [
          3.0445766,
          50.6535713
        ]
      },
      "properties": {
        "nom": "Lambersart",
        "type": "PRCI",
        "SAT": "",
        "acces": "",
        "appareil": "I549",
        "description": ""
      }
    },
    {
      "type": "Feature",
      "geometry": {
        "type": "Point",
        "coordinates": [
          3.01341,
          50.66262
        ]
      },
      "properties": {
        "nom": "Lambersart",
        "type": "PRCI",
        "SAT": "",
        "acces": "",
        "appareil": "I553",
        "description": ""
      }
    },
    {
      "type": "Feature",
      "geometry": {
        "type": "Point",
        "coordinates": [
          3.0323674,
          50.6571024
        ]
      },
      "properties": {
        "nom": "Lambersart",
        "type": "SSP",
        "SAT": "SAT1",
        "acces": "",
        "appareil": "I5003",
        "description": ""
      }
    },
    {
      "type": "Feature",
      "geometry": {
        "type": "Point",
        "coordinates": [
          3.0291507,
          50.6580609
        ]
      },
      "properties": {
        "nom": "Lambersart",
        "type": "SSP",
        "SAT": "SAT1",
        "acces": "",
        "appareil": "I5004",
        "description": ""
      }
    },
    {
      "type": "Feature",
      "geometry": {
        "type": "Point",
        "coordinates": [
          3.0330537,
          50.6568671
        ]
      },
      "properties": {
        "nom": "Lambersart",
        "type": "SSP",
        "SAT": "SAT1",
        "acces": "",
        "appareil": "I5005",
        "description": ""
      }
    },
    {
      "type": "Feature",
      "geometry": {
        "type": "Point",
        "coordinates": [
          3.0328984,
          50.65694
        ]
      },
      "properties": {
        "nom": "Lambersart",
        "type": "SSP",
        "SAT": "SAT1",
        "acces": "",
        "appareil": "I5006",
        "description": ""
      }
    },
    {
      "type": "Feature",
      "geometry": {
        "type": "Point",
        "coordinates": [
          3.0136236,
          50.6621454
        ]
      },
      "properties": {
        "nom": "Lambersart",
        "type": "SSP",
        "SAT": "SAT2",
        "acces": "",
        "appareil": "I5916",
        "description": ""
      }
    },
    {
      "type": "Feature",
      "geometry": {
        "type": "Point",
        "coordinates": [
          3.0135619,
          50.6621539
        ]
      },
      "properties": {
        "nom": "Lambersart",
        "type": "SSP",
        "SAT": "SAT2",
        "acces": "",
        "appareil": "I5917",
        "description": ""
      }
    },
    {
      "type": "Feature",
      "geometry": {
        "type": "Point",
        "coordinates": [
          2.8521542,
          50.4072708
        ]
      },
      "properties": {
        "nom": "Lens",
        "type": "Atelier",
        "appareil": "DU n°1",
        "description": ""
      }
    },
    {
      "type": "Feature",
      "geometry": {
        "type": "Point",
        "coordinates": [
          2.8543885,
          50.4073703
        ]
      },
      "properties": {
        "nom": "Lens",
        "type": "Atelier",
        "appareil": "DU n°2",
        "description": ""
      }
    },
    {
      "type": "Feature",
      "geometry": {
        "type": "Point",
        "coordinates": [
          2.85558,
          50.4068
        ]
      },
      "properties": {
        "nom": "Lens",
        "type": "Atelier",
        "appareil": "DU n°3",
        "description": ""
      }
    },
    {
      "type": "Feature",
      "geometry": {
        "type": "Point",
        "coordinates": [
          2.85359,
          50.40718
        ]
      },
      "properties": {
        "nom": "Lens",
        "type": "Atelier",
        "appareil": "DU n°5",
        "description": ""
      }
    },
    {
      "type": "Feature",
      "geometry": {
        "type": "Point",
        "coordinates": [
          2.85447,
          50.40678
        ]
      },
      "properties": {
        "nom": "Lens",
        "type": "Atelier",
        "appareil": "DU n°4",
        "description": ""
      }
    },
    {
      "type": "Feature",
      "geometry": {
        "type": "Point",
        "coordinates": [
          2.85231,
          50.40683
        ]
      },
      "properties": {
        "nom": "Lens",
        "type": "Atelier",
        "appareil": "2134 TER",
        "description": "Sectionneur",
        "hors_patrimoine": true
      }
    },
    {
      "type": "Feature",
      "geometry": {
        "type": "Point",
        "coordinates": [
          2.83406,
          50.42401
        ]
      },
      "properties": {
        "nom": "Lens",
        "type": "A",
        "appareil": "IA2",
        "description": ""
      }
    },
    {
      "type": "Feature",
      "geometry": {
        "type": "Point",
        "coordinates": [
          2.83406,
          50.42401
        ]
      },
      "properties": {
        "nom": "Lens",
        "type": "A",
        "appareil": "TT IA2",
        "description": ""
      }
    },
    {
      "type": "Feature",
      "geometry": {
        "type": "Point",
        "coordinates": [
          2.83406,
          50.42401
        ]
      },
      "properties": {
        "nom": "Lens",
        "type": "A",
        "appareil": "TC IA2",
        "description": ""
      }
    },
    {
      "type": "Feature",
      "geometry": {
        "type": "Point",
        "coordinates": [
          3.1098366,
          50.6012358
        ]
      },
      "properties": {
        "nom": "Lesquin",
        "type": "SP",
        "SAT": "",
        "acces": "",
        "appareil": "I12",
        "description": ""
      }
    },
    {
      "type": "Feature",
      "geometry": {
        "type": "Point",
        "coordinates": [
          3.1098044,
          50.6012711
        ]
      },
      "properties": {
        "nom": "Lesquin",
        "type": "SP",
        "SAT": "",
        "acces": "",
        "appareil": "IL1",
        "description": ""
      }
    },
    {
      "type": "Feature",
      "geometry": {
        "type": "Point",
        "coordinates": [
          3.1098366,
          50.6012358
        ]
      },
      "properties": {
        "nom": "Lesquin",
        "type": "SP",
        "SAT": "",
        "acces": "",
        "appareil": "IL2",
        "description": ""
      }
    },
    {
      "type": "Feature",
      "geometry": {
        "type": "Point",
        "coordinates": [
          3.109778,
          50.6013094
        ]
      },
      "properties": {
        "nom": "Lesquin",
        "type": "SP",
        "SAT": "",
        "acces": "",
        "appareil": "IL4",
        "description": ""
      }
    },
    {
      "type": "Feature",
      "geometry": {
        "type": "Point",
        "coordinates": [
          3.1163097,
          50.5929888
        ]
      },
      "properties": {
        "nom": "Lesquin",
        "type": "SP",
        "SAT": "SAT1",
        "acces": "I14",
        "appareil": "I14",
        "description": ""
      }
    },
    {
      "type": "Feature",
      "geometry": {
        "type": "Point",
        "coordinates": [
          3.1175844,
          50.5912681
        ]
      },
      "properties": {
        "nom": "Lesquin",
        "type": "SP",
        "SAT": "SAT1",
        "acces": "",
        "appareil": "I16",
        "description": ""
      }
    },
    {
      "type": "Feature",
      "geometry": {
        "type": "Point",
        "coordinates": [
          3.1170544,
          50.5920143
        ]
      },
      "properties": {
        "nom": "Lesquin",
        "type": "SP",
        "SAT": "SAT1",
        "acces": "",
        "appareil": "I17",
        "description": ""
      }
    },
    {
      "type": "Feature",
      "geometry": {
        "type": "Point",
        "coordinates": [
          3.1155443,
          50.5938779
        ]
      },
      "properties": {
        "nom": "Lesquin",
        "type": "SP",
        "SAT": "SAT1",
        "acces": "I18",
        "appareil": "I18",
        "description": ""
      }
    },
    {
      "type": "Feature",
      "geometry": {
        "type": "Point",
        "coordinates": [
          3.1087974,
          50.6023493
        ]
      },
      "properties": {
        "nom": "Lesquin",
        "type": "SP",
        "SAT": "",
        "acces": "",
        "appareil": "SM3",
        "description": ""
      }
    },
    {
      "type": "Feature",
      "geometry": {
        "type": "Point",
        "coordinates": [
          3.1079311,
          50.6032593
        ]
      },
      "properties": {
        "nom": "Lesquin",
        "type": "SP",
        "SAT": "",
        "acces": "",
        "appareil": "SM4",
        "description": ""
      }
    },
    {
      "type": "Feature",
      "geometry": {
        "type": "Point",
        "coordinates": [
          3.1079311,
          50.6032593
        ]
      },
      "properties": {
        "nom": "Lesquin",
        "type": "SP",
        "SAT": "",
        "acces": "",
        "appareil": "TT5202",
        "description": ""
      }
    },
    {
      "type": "Feature",
      "geometry": {
        "type": "Point",
        "coordinates": [
          3.1098648,
          50.6012022
        ]
      },
      "properties": {
        "nom": "Lesquin",
        "type": "SP",
        "SAT": "",
        "acces": "",
        "appareil": "TSA",
        "description": ""
      }
    },
    {
      "type": "Feature",
      "geometry": {
        "type": "Point",
        "coordinates": [
          3.0798786,
          50.6331773
        ]
      },
      "properties": {
        "nom": "Lille Gare",
        "type": "SSPA",
        "SAT": "",
        "acces": "",
        "appareil": "S5082",
        "description": "Secours pour manœuvrer les appareils à Fives"
      }
    },
    {
      "type": "Feature",
      "geometry": {
        "type": "Point",
        "coordinates": [
          3.0923368,
          50.6420096
        ]
      },
      "properties": {
        "nom": "Lion dor",
        "type": "SSP",
        "SAT": "",
        "acces": "",
        "appareil": "I5063",
        "description": ""
      }
    },
    {
      "type": "Feature",
      "geometry": {
        "type": "Point",
        "coordinates": [
          3.0921866,
          50.6418217
        ]
      },
      "properties": {
        "nom": "Lion dor",
        "type": "SSP",
        "SAT": "",
        "acces": "",
        "appareil": "I5064",
        "description": ""
      }
    },
    {
      "type": "Feature",
      "geometry": {
        "type": "Point",
        "coordinates": [
          3.1049951,
          50.6537758
        ]
      },
      "properties": {
        "nom": "Lion dor",
        "type": "SSP",
        "SAT": "",
        "acces": "F IL3",
        "appareil": "F IL3",
        "description": "",
        "hors_patrimoine": true
      }
    },
    {
      "type": "Feature",
      "geometry": {
        "type": "Point",
        "coordinates": [
          3.019113,
          50.651977
        ]
      },
      "properties": {
        "nom": "Lomme",
        "type": "SP",
        "SAT": "",
        "acces": "",
        "appareil": "SM1",
        "description": ""
      }
    },
    {
      "type": "Feature",
      "geometry": {
        "type": "Point",
        "coordinates": [
          3.0189787,
          50.6517693
        ]
      },
      "properties": {
        "nom": "Lomme",
        "type": "SP",
        "SAT": "",
        "acces": "",
        "appareil": "SM2",
        "description": ""
      }
    },
    {
      "type": "Feature",
      "geometry": {
        "type": "Point",
        "coordinates": [
          3.0234912,
          50.6544864
        ]
      },
      "properties": {
        "nom": "Lomme",
        "type": "SP",
        "SAT": "SAT1",
        "acces": "",
        "appareil": "I5703",
        "description": ""
      }
    },
    {
      "type": "Feature",
      "geometry": {
        "type": "Point",
        "coordinates": [
          3.0234059,
          50.6543115
        ]
      },
      "properties": {
        "nom": "Lomme",
        "type": "SP",
        "SAT": "SAT1",
        "acces": "",
        "appareil": "I5704",
        "description": ""
      }
    },
    {
      "type": "Feature",
      "geometry": {
        "type": "Point",
        "coordinates": [
          3.0234491,
          50.6544562
        ]
      },
      "properties": {
        "nom": "Lomme",
        "type": "SP",
        "SAT": "SAT1",
        "acces": "",
        "appareil": "I5709",
        "description": ""
      }
    },
    {
      "type": "Feature",
      "geometry": {
        "type": "Point",
        "coordinates": [
          3.0234529,
          50.6543378
        ]
      },
      "properties": {
        "nom": "Lomme",
        "type": "SP",
        "SAT": "SAT1",
        "acces": "",
        "appareil": "I5711",
        "description": ""
      }
    },
    {
      "type": "Feature",
      "geometry": {
        "type": "Point",
        "coordinates": [
          1.7283,
          50.80558
        ]
      },
      "properties": {
        "nom": "Marquise",
        "type": "SSP",
        "SAT": "",
        "acces": "",
        "appareil": "TT5833",
        "description": "TT avec grillage."
      }
    },
    {
      "type": "Feature",
      "geometry": {
        "type": "Point",
        "coordinates": [
          1.72832,
          50.80569
        ]
      },
      "properties": {
        "nom": "Marquise",
        "type": "SSP",
        "SAT": "",
        "acces": "",
        "appareil": "TT5834",
        "description": "TT avec grillage."
      }
    },
    {
      "type": "Feature",
      "geometry": {
        "type": "Point",
        "coordinates": [
          1.72832,
          50.80569
        ]
      },
      "properties": {
        "nom": "Marquise",
        "type": "SSP",
        "SAT": "",
        "acces": "",
        "appareil": "T2",
        "description": "",
        "hors_patrimoine": true
      }
    },
    {
      "type": "Feature",
      "geometry": {
        "type": "Point",
        "coordinates": [
          1.72944,
          50.80549
        ]
      },
      "properties": {
        "nom": "Marquise",
        "type": "SSP",
        "SAT": "",
        "acces": "",
        "appareil": "TT 5837",
        "description": "TT avec grillage."
      }
    },
    {
      "type": "Feature",
      "geometry": {
        "type": "Point",
        "coordinates": [
          1.7381992,
          50.8056613
        ]
      },
      "properties": {
        "nom": "Marquise",
        "type": "SSP",
        "SAT": "SAT1",
        "acces": "",
        "appareil": "5836",
        "description": ""
      }
    },
    {
      "type": "Feature",
      "geometry": {
        "type": "Point",
        "coordinates": [
          1.7425758,
          50.806742
        ]
      },
      "properties": {
        "nom": "Marquise",
        "type": "SSP",
        "SAT": "SAT2",
        "acces": "",
        "appareil": "I5838",
        "description": ""
      }
    },
    {
      "type": "Feature",
      "geometry": {
        "type": "Point",
        "coordinates": [
          1.7425758,
          50.806742
        ]
      },
      "properties": {
        "nom": "Marquise",
        "type": "SSP",
        "SAT": "SAT2",
        "acces": "",
        "appareil": "TT5836",
        "description": ""
      }
    },
    {
      "type": "Feature",
      "geometry": {
        "type": "Point",
        "coordinates": [
          1.815026,
          50.8978364
        ]
      },
      "properties": {
        "nom": "Moulin",
        "type": "S",
        "SAT": "",
        "acces": "",
        "appareil": "I7212",
        "description": ""
      }
    },
    {
      "type": "Feature",
      "geometry": {
        "type": "Point",
        "coordinates": [
          1.8156445,
          50.8965496
        ]
      },
      "properties": {
        "nom": "Moulin",
        "type": "S",
        "SAT": "",
        "acces": "",
        "appareil": "IP6",
        "description": ""
      }
    },
    {
      "type": "Feature",
      "geometry": {
        "type": "Point",
        "coordinates": [
          1.8157349,
          50.8963113
        ]
      },
      "properties": {
        "nom": "Moulin",
        "type": "S",
        "SAT": "",
        "acces": "",
        "appareil": "SM6",
        "description": ""
      }
    },
    {
      "type": "Feature",
      "geometry": {
        "type": "Point",
        "coordinates": [
          1.8155486,
          50.8967763
        ]
      },
      "properties": {
        "nom": "Moulin",
        "type": "S",
        "SAT": "",
        "acces": "",
        "appareil": "TT7214",
        "description": ""
      }
    },
    {
      "type": "Feature",
      "geometry": {
        "type": "Point",
        "coordinates": [
          1.8130195,
          50.8991274
        ]
      },
      "properties": {
        "nom": "Moulin",
        "type": "S",
        "SAT": "SAT5",
        "acces": "V1",
        "appareil": "7109",
        "description": "",
        "hors_patrimoine": true
      }
    },
    {
      "type": "Feature",
      "geometry": {
        "type": "Point",
        "coordinates": [
          1.81335,
          50.89919
        ]
      },
      "properties": {
        "nom": "Moulin",
        "type": "S",
        "SAT": "SAT5",
        "acces": "V2",
        "appareil": "I7108",
        "description": ""
      }
    },
    {
      "type": "Feature",
      "geometry": {
        "type": "Point",
        "coordinates": [
          1.8131589,
          50.898874
        ]
      },
      "properties": {
        "nom": "Moulin",
        "type": "S",
        "SAT": "SAT5",
        "acces": "V1",
        "appareil": "I7125",
        "description": ""
      }
    },
    {
      "type": "Feature",
      "geometry": {
        "type": "Point",
        "coordinates": [
          1.81274,
          50.89955
        ]
      },
      "properties": {
        "nom": "Moulin",
        "type": "S",
        "SAT": "SAT5",
        "acces": "V1",
        "appareil": "TT7109",
        "description": ""
      }
    },
    {
      "type": "Feature",
      "geometry": {
        "type": "Point",
        "coordinates": [
          1.8130426,
          50.8996691
        ]
      },
      "properties": {
        "nom": "Moulin",
        "type": "S",
        "SAT": "SAT5",
        "acces": "V2",
        "appareil": "S7108-7110",
        "description": ""
      }
    },
    {
      "type": "Feature",
      "geometry": {
        "type": "Point",
        "coordinates": [
          1.8194895,
          50.8873655
        ]
      },
      "properties": {
        "nom": "Moulin",
        "type": "S",
        "SAT": "SAT2",
        "acces": "V2",
        "appareil": "TT7107",
        "description": "Accès par TVP (Un second accès coté V1 est possible)"
      }
    },
    {
      "type": "Feature",
      "geometry": {
        "type": "Point",
        "coordinates": [
          1.8194422,
          50.8873642
        ]
      },
      "properties": {
        "nom": "Moulin",
        "type": "S",
        "SAT": "SAT2",
        "acces": "V2",
        "appareil": "I7105",
        "description": "Accès par TVP (Un second accès coté V1 est possible)"
      }
    },
    {
      "type": "Feature",
      "geometry": {
        "type": "Point",
        "coordinates": [
          1.8131484,
          50.8875349
        ]
      },
      "properties": {
        "nom": "Moulin",
        "type": "S",
        "SAT": "SAT1",
        "acces": "",
        "appareil": "I7209",
        "description": ""
      }
    },
    {
      "type": "Feature",
      "geometry": {
        "type": "Point",
        "coordinates": [
          1.8137322,
          50.8889514
        ]
      },
      "properties": {
        "nom": "Moulin",
        "type": "S",
        "SAT": "SAT1",
        "acces": "",
        "appareil": "I7210",
        "description": ""
      }
    },
    {
      "type": "Feature",
      "geometry": {
        "type": "Point",
        "coordinates": [
          1.8138771,
          50.8899117
        ]
      },
      "properties": {
        "nom": "Moulin",
        "type": "S",
        "SAT": "SAT1",
        "acces": "",
        "appareil": "I7211",
        "description": ""
      }
    },
    {
      "type": "Feature",
      "geometry": {
        "type": "Point",
        "coordinates": [
          1.8176105,
          50.8915579
        ]
      },
      "properties": {
        "nom": "Moulin",
        "type": "S",
        "SAT": "SAT3",
        "acces": "V1",
        "appareil": "I7104",
        "description": ""
      }
    },
    {
      "type": "Feature",
      "geometry": {
        "type": "Point",
        "coordinates": [
          1.8178692,
          50.8915492
        ]
      },
      "properties": {
        "nom": "Moulin",
        "type": "S",
        "SAT": "SAT3",
        "acces": "V1",
        "appareil": "TT7108",
        "description": ""
      }
    },
    {
      "type": "Feature",
      "geometry": {
        "type": "Point",
        "coordinates": [
          1.8228601,
          50.8794889
        ]
      },
      "properties": {
        "nom": "Moulin",
        "type": "S",
        "SAT": "SAT4",
        "acces": "V2",
        "appareil": "I7102",
        "description": ""
      }
    },
    {
      "type": "Feature",
      "geometry": {
        "type": "Point",
        "coordinates": [
          1.8227877,
          50.879494
        ]
      },
      "properties": {
        "nom": "Moulin",
        "type": "S",
        "SAT": "SAT4",
        "acces": "V2",
        "appareil": "TT7104",
        "description": ""
      }
    },
    {
      "type": "Feature",
      "geometry": {
        "type": "Point",
        "coordinates": [
          1.81001,
          50.90417
        ]
      },
      "properties": {
        "nom": "Pays Blanc",
        "type": "P",
        "SAT": "SAT1",
        "acces": "",
        "appareil": "7110",
        "description": ""
      }
    },
    {
      "type": "Feature",
      "geometry": {
        "type": "Point",
        "coordinates": [
          1.80971,
          50.90409
        ]
      },
      "properties": {
        "nom": "Pays Blanc",
        "type": "P",
        "SAT": "SAT1",
        "acces": "",
        "appareil": "I7107",
        "description": ""
      }
    },
    {
      "type": "Feature",
      "geometry": {
        "type": "Point",
        "coordinates": [
          1.80977,
          50.90451
        ]
      },
      "properties": {
        "nom": "Pays Blanc",
        "type": "P",
        "SAT": "SAT1",
        "acces": "",
        "appareil": "I7126",
        "description": ""
      }
    },
    {
      "type": "Feature",
      "geometry": {
        "type": "Point",
        "coordinates": [
          1.81024,
          50.90384
        ]
      },
      "properties": {
        "nom": "Pays Blanc",
        "type": "P",
        "SAT": "SAT1",
        "acces": "",
        "appareil": "TT7110",
        "description": ""
      }
    },
    {
      "type": "Feature",
      "geometry": {
        "type": "Point",
        "coordinates": [
          1.8090542,
          50.9062616
        ]
      },
      "properties": {
        "nom": "Pays Blanc",
        "type": "P",
        "SAT": "SAT2",
        "acces": "",
        "appareil": "I7213",
        "description": ""
      }
    },
    {
      "type": "Feature",
      "geometry": {
        "type": "Point",
        "coordinates": [
          1.8081226,
          50.9080285
        ]
      },
      "properties": {
        "nom": "Pays Blanc",
        "type": "P",
        "SAT": "SAT2",
        "acces": "",
        "appareil": "I7214",
        "description": ""
      }
    },
    {
      "type": "Feature",
      "geometry": {
        "type": "Point",
        "coordinates": [
          1.8055674,
          50.9106849
        ]
      },
      "properties": {
        "nom": "Pays Blanc",
        "type": "P",
        "SAT": "SAT3",
        "acces": "",
        "appareil": "TT7114",
        "description": ""
      }
    },
    {
      "type": "Feature",
      "geometry": {
        "type": "Point",
        "coordinates": [
          1.8060875,
          50.9103266
        ]
      },
      "properties": {
        "nom": "Pays Blanc",
        "type": "P",
        "SAT": "SAT3",
        "acces": "",
        "appareil": "IP5",
        "description": "",
        "hors_patrimoine": true
      }
    },
    {
      "type": "Feature",
      "geometry": {
        "type": "Point",
        "coordinates": [
          1.8060875,
          50.9103266
        ]
      },
      "properties": {
        "nom": "Pays Blanc",
        "type": "P",
        "SAT": "SAT3",
        "acces": "",
        "appareil": "T5",
        "description": ""
      }
    },
    {
      "type": "Feature",
      "geometry": {
        "type": "Point",
        "coordinates": [
          1.8058324,
          50.9105035
        ]
      },
      "properties": {
        "nom": "Pays Blanc",
        "type": "P",
        "SAT": "SAT3",
        "acces": "",
        "appareil": "SM5",
        "description": ""
      }
    },
    {
      "type": "Feature",
      "geometry": {
        "type": "Point",
        "coordinates": [
          1.8065738,
          50.9099356
        ]
      },
      "properties": {
        "nom": "Pays Blanc",
        "type": "P",
        "SAT": "SAT3",
        "acces": "",
        "appareil": "TT7215",
        "description": ""
      }
    },
    {
      "type": "Feature",
      "geometry": {
        "type": "Point",
        "coordinates": [
          1.6238075,
          50.6841838
        ]
      },
      "properties": {
        "nom": "Pont de briques",
        "type": "SST",
        "SAT": "",
        "acces": "",
        "appareil": "P1",
        "description": ""
      }
    },
    {
      "type": "Feature",
      "geometry": {
        "type": "Point",
        "coordinates": [
          1.623762,
          50.684199
        ]
      },
      "properties": {
        "nom": "Pont de briques",
        "type": "SST",
        "SAT": "",
        "acces": "",
        "appareil": "248-27B",
        "description": "",
        "hors_patrimoine": true
      }
    },
    {
      "type": "Feature",
      "geometry": {
        "type": "Point",
        "coordinates": [
          1.6247466,
          50.6838356
        ]
      },
      "properties": {
        "nom": "Pont de briques",
        "type": "SST",
        "SAT": "",
        "acces": "",
        "appareil": "P2",
        "description": ""
      }
    },
    {
      "type": "Feature",
      "geometry": {
        "type": "Point",
        "coordinates": [
          1.6203638,
          50.6859254
        ]
      },
      "properties": {
        "nom": "Pont de briques",
        "type": "SST",
        "SAT": "SAT1",
        "acces": "",
        "appareil": "I5734",
        "description": ""
      }
    },
    {
      "type": "Feature",
      "geometry": {
        "type": "Point",
        "coordinates": [
          1.6218096,
          50.6851377
        ]
      },
      "properties": {
        "nom": "Pont de briques",
        "type": "SST",
        "SAT": "SAT1",
        "acces": "",
        "appareil": "I5735",
        "description": ""
      }
    },
    {
      "type": "Feature",
      "geometry": {
        "type": "Point",
        "coordinates": [
          2.186922,
          50.844023
        ]
      },
      "properties": {
        "nom": "Quilleval",
        "type": "PRCI",
        "SAT": "",
        "acces": "",
        "appareil": "I624",
        "description": ""
      }
    },
    {
      "type": "Feature",
      "geometry": {
        "type": "Point",
        "coordinates": [
          2.1858045,
          50.8438265
        ]
      },
      "properties": {
        "nom": "Quilleval",
        "type": "PRCI",
        "SAT": "",
        "acces": "",
        "appareil": "TT624",
        "description": ""
      }
    },
    {
      "type": "Feature",
      "geometry": {
        "type": "Point",
        "coordinates": [
          2.1793857,
          50.8434289
        ]
      },
      "properties": {
        "nom": "Quilleval",
        "type": "PRCI",
        "SAT": "",
        "acces": "",
        "appareil": "TT625",
        "description": ""
      }
    },
    {
      "type": "Feature",
      "geometry": {
        "type": "Point",
        "coordinates": [
          2.1812847,
          50.8434368
        ]
      },
      "properties": {
        "nom": "Quilleval",
        "type": "PRCI",
        "SAT": "",
        "acces": "",
        "appareil": "I625",
        "description": ""
      }
    },
    {
      "type": "Feature",
      "geometry": {
        "type": "Point",
        "coordinates": [
          1.6481151,
          50.4162642
        ]
      },
      "properties": {
        "nom": "Rang",
        "type": "SSP",
        "SAT": "",
        "acces": "",
        "appareil": "I5633",
        "description": ""
      }
    },
    {
      "type": "Feature",
      "geometry": {
        "type": "Point",
        "coordinates": [
          1.6480595,
          50.4172466
        ]
      },
      "properties": {
        "nom": "Rang",
        "type": "SSP",
        "SAT": "",
        "acces": "",
        "appareil": "I5636",
        "description": ""
      }
    },
    {
      "type": "Feature",
      "geometry": {
        "type": "Point",
        "coordinates": [
          1.6483959,
          50.4162945
        ]
      },
      "properties": {
        "nom": "Rang",
        "type": "SSP",
        "SAT": "",
        "acces": "",
        "appareil": "I5638",
        "description": ""
      }
    },
    {
      "type": "Feature",
      "geometry": {
        "type": "Point",
        "coordinates": [
          1.6483772,
          50.4163466
        ]
      },
      "properties": {
        "nom": "Rang",
        "type": "SSP",
        "SAT": "",
        "acces": "",
        "appareil": "IMP",
        "description": ""
      }
    },
    {
      "type": "Feature",
      "geometry": {
        "type": "Point",
        "coordinates": [
          1.6483959,
          50.4162945
        ]
      },
      "properties": {
        "nom": "Rang",
        "type": "SSP",
        "SAT": "",
        "acces": "",
        "appareil": "TT5636",
        "description": ""
      }
    },
    {
      "type": "Feature",
      "geometry": {
        "type": "Point",
        "coordinates": [
          1.6481151,
          50.4162642
        ]
      },
      "properties": {
        "nom": "Rang",
        "type": "SSP",
        "SAT": "",
        "acces": "",
        "appareil": "TT5631",
        "description": ""
      }
    },
    {
      "type": "Feature",
      "geometry": {
        "type": "Point",
        "coordinates": [
          1.8426138,
          50.9315137
        ]
      },
      "properties": {
        "nom": "Riviere",
        "type": "SSPA",
        "SAT": "",
        "acces": "",
        "appareil": "DU IA3",
        "description": ""
      }
    },
    {
      "type": "Feature",
      "geometry": {
        "type": "Point",
        "coordinates": [
          1.8435428,
          50.9315559
        ]
      },
      "properties": {
        "nom": "Riviere",
        "type": "SSPA",
        "SAT": "SAT1",
        "acces": "",
        "appareil": "I7316",
        "description": ""
      }
    },
    {
      "type": "Feature",
      "geometry": {
        "type": "Point",
        "coordinates": [
          1.8461716,
          50.9329114
        ]
      },
      "properties": {
        "nom": "Riviere",
        "type": "SSPA",
        "SAT": "",
        "acces": "",
        "appareil": "TT7371",
        "description": ""
      }
    },
    {
      "type": "Feature",
      "geometry": {
        "type": "Point",
        "coordinates": [
          1.9297571,
          50.8263385
        ]
      },
      "properties": {
        "nom": "Rodelinghem",
        "type": "PRCI",
        "SAT": "",
        "acces": "",
        "appareil": "I628",
        "description": ""
      }
    },
    {
      "type": "Feature",
      "geometry": {
        "type": "Point",
        "coordinates": [
          1.9346908,
          50.8247698
        ]
      },
      "properties": {
        "nom": "Rodelinghem",
        "type": "PRCI",
        "SAT": "",
        "acces": "",
        "appareil": "I629",
        "description": ""
      }
    },
    {
      "type": "Feature",
      "geometry": {
        "type": "Point",
        "coordinates": [
          1.9333069,
          50.8253048
        ]
      },
      "properties": {
        "nom": "Rodelinghem",
        "type": "PRCI",
        "SAT": "",
        "acces": "",
        "appareil": "TT629",
        "description": ""
      }
    },
    {
      "type": "Feature",
      "geometry": {
        "type": "Point",
        "coordinates": [
          1.9244492,
          50.8273333
        ]
      },
      "properties": {
        "nom": "Rodelinghem",
        "type": "PRCI",
        "SAT": "",
        "acces": "",
        "appareil": "I631",
        "description": ""
      }
    },
    {
      "type": "Feature",
      "geometry": {
        "type": "Point",
        "coordinates": [
          3.0894605,
          50.6126207
        ]
      },
      "properties": {
        "nom": "Ronchin",
        "type": "P",
        "SAT": "SAT1",
        "acces": "",
        "appareil": "I5209",
        "description": "Appareil en antenne."
      }
    },
    {
      "type": "Feature",
      "geometry": {
        "type": "Point",
        "coordinates": [
          3.0893948,
          50.612711
        ]
      },
      "properties": {
        "nom": "Ronchin",
        "type": "P",
        "SAT": "SAT1",
        "acces": "",
        "appareil": "I5261",
        "description": ""
      }
    },
    {
      "type": "Feature",
      "geometry": {
        "type": "Point",
        "coordinates": [
          3.0892963,
          50.6126109
        ]
      },
      "properties": {
        "nom": "Ronchin",
        "type": "P",
        "SAT": "SAT1",
        "acces": "",
        "appareil": "I5268",
        "description": ""
      }
    },
    {
      "type": "Feature",
      "geometry": {
        "type": "Point",
        "coordinates": [
          1.8113505,
          50.9142539
        ]
      },
      "properties": {
        "nom": "Rue verte",
        "type": "L",
        "SAT": "",
        "acces": "",
        "appareil": "I7304",
        "description": ""
      }
    },
    {
      "type": "Feature",
      "geometry": {
        "type": "Point",
        "coordinates": [
          1.8113505,
          50.9142539
        ]
      },
      "properties": {
        "nom": "Rue verte",
        "type": "L",
        "SAT": "",
        "acces": "",
        "appareil": "TT7308",
        "description": ""
      }
    },
    {
      "type": "Feature",
      "geometry": {
        "type": "Point",
        "coordinates": [
          1.8100994,
          50.9136734
        ]
      },
      "properties": {
        "nom": "Rue verte",
        "type": "L",
        "SAT": "SAT1",
        "acces": "",
        "appareil": "I7305",
        "description": ""
      }
    },
    {
      "type": "Feature",
      "geometry": {
        "type": "Point",
        "coordinates": [
          1.8100994,
          50.9136734
        ]
      },
      "properties": {
        "nom": "Rue verte",
        "type": "L",
        "SAT": "SAT1",
        "acces": "",
        "appareil": "TT7309",
        "description": ""
      }
    },
    {
      "type": "Feature",
      "geometry": {
        "type": "Point",
        "coordinates": [
          1.81024,
          50.91345
        ]
      },
      "properties": {
        "nom": "Rue verte",
        "type": "L",
        "SAT": "SAT2",
        "acces": "",
        "appareil": "I7215",
        "description": ""
      }
    },
    {
      "type": "Feature",
      "geometry": {
        "type": "Point",
        "coordinates": [
          1.81207,
          50.9144
        ]
      },
      "properties": {
        "nom": "Rue verte",
        "type": "L",
        "SAT": "SAT2",
        "acces": "",
        "appareil": "I7216",
        "description": ""
      }
    },
    {
      "type": "Feature",
      "geometry": {
        "type": "Point",
        "coordinates": [
          1.81024,
          50.91345
        ]
      },
      "properties": {
        "nom": "Rue verte",
        "type": "L",
        "SAT": "SAT2",
        "acces": "",
        "appareil": "TT7221",
        "description": ""
      }
    },
    {
      "type": "Feature",
      "geometry": {
        "type": "Point",
        "coordinates": [
          1.81401,
          50.9154
        ]
      },
      "properties": {
        "nom": "Rue verte",
        "type": "L",
        "SAT": "SAT3",
        "acces": "",
        "appareil": "I7221",
        "description": ""
      }
    },
    {
      "type": "Feature",
      "geometry": {
        "type": "Point",
        "coordinates": [
          1.8145,
          50.91565
        ]
      },
      "properties": {
        "nom": "Rue verte",
        "type": "L",
        "SAT": "SAT3",
        "acces": "",
        "appareil": "I7308",
        "description": ""
      }
    },
    {
      "type": "Feature",
      "geometry": {
        "type": "Point",
        "coordinates": [
          1.81407,
          50.91543
        ]
      },
      "properties": {
        "nom": "Rue verte",
        "type": "L",
        "SAT": "SAT3",
        "acces": "",
        "appareil": "TT7222",
        "description": ""
      }
    },
    {
      "type": "Feature",
      "geometry": {
        "type": "Point",
        "coordinates": [
          1.81401,
          50.9154
        ]
      },
      "properties": {
        "nom": "Rue verte",
        "type": "L",
        "SAT": "SAT3",
        "acces": "",
        "appareil": "TT7223",
        "description": ""
      }
    },
    {
      "type": "Feature",
      "geometry": {
        "type": "Point",
        "coordinates": [
          1.81619,
          50.91672
        ]
      },
      "properties": {
        "nom": "Rue verte",
        "type": "L",
        "SAT": "SAT4",
        "acces": "",
        "appareil": "IA5",
        "description": ""
      }
    },
    {
      "type": "Feature",
      "geometry": {
        "type": "Point",
        "coordinates": [
          1.8158151,
          50.9165677
        ]
      },
      "properties": {
        "nom": "Rue verte",
        "type": "L",
        "SAT": "SAT4",
        "acces": "",
        "appareil": "SI7310-7321",
        "description": ""
      }
    },
    {
      "type": "Feature",
      "geometry": {
        "type": "Point",
        "coordinates": [
          1.81619,
          50.91672
        ]
      },
      "properties": {
        "nom": "Rue verte",
        "type": "L",
        "SAT": "SAT4",
        "acces": "",
        "appareil": "TT IA5",
        "description": ""
      }
    },
    {
      "type": "Feature",
      "geometry": {
        "type": "Point",
        "coordinates": [
          1.81619,
          50.91672
        ]
      },
      "properties": {
        "nom": "Rue verte",
        "type": "L",
        "SAT": "SAT4",
        "acces": "",
        "appareil": "TC IA5",
        "description": ""
      }
    },
    {
      "type": "Feature",
      "geometry": {
        "type": "Point",
        "coordinates": [
          1.8160626,
          50.9169345
        ]
      },
      "properties": {
        "nom": "Rue verte",
        "type": "L",
        "SAT": "SAT5",
        "acces": "",
        "appareil": "I7309",
        "description": ""
      }
    },
    {
      "type": "Feature",
      "geometry": {
        "type": "Point",
        "coordinates": [
          2.2618588,
          50.7559161
        ]
      },
      "properties": {
        "nom": "Saint Omer",
        "type": "L",
        "SAT": "",
        "acces": "",
        "appareil": "I5231",
        "description": ""
      }
    },
    {
      "type": "Feature",
      "geometry": {
        "type": "Point",
        "coordinates": [
          2.2705148,
          50.752531
        ]
      },
      "properties": {
        "nom": "Saint Omer",
        "type": "L",
        "SAT": "",
        "acces": "",
        "appareil": "TT5236",
        "description": ""
      }
    },
    {
      "type": "Feature",
      "geometry": {
        "type": "Point",
        "coordinates": [
          2.2716087,
          50.7521127
        ]
      },
      "properties": {
        "nom": "Saint Omer",
        "type": "L",
        "SAT": "",
        "acces": "",
        "appareil": "TT5238",
        "description": ""
      }
    },
    {
      "type": "Feature",
      "geometry": {
        "type": "Point",
        "coordinates": [
          2.2765017,
          50.7507906
        ]
      },
      "properties": {
        "nom": "Saint Omer",
        "type": "L",
        "SAT": "SAT1",
        "acces": "",
        "appareil": "I5232",
        "description": ""
      }
    },
    {
      "type": "Feature",
      "geometry": {
        "type": "Point",
        "coordinates": [
          2.2759814,
          50.7508823
        ]
      },
      "properties": {
        "nom": "Saint Omer",
        "type": "L",
        "SAT": "SAT1",
        "acces": "",
        "appareil": "TT5234",
        "description": ""
      }
    },
    {
      "type": "Feature",
      "geometry": {
        "type": "Point",
        "coordinates": [
          2.2727636,
          50.751839
        ]
      },
      "properties": {
        "nom": "Saint Omer",
        "type": "L",
        "SAT": "SAT2",
        "acces": "",
        "appareil": "I5234",
        "description": ""
      }
    },
    {
      "type": "Feature",
      "geometry": {
        "type": "Point",
        "coordinates": [
          2.2581435,
          50.7580154
        ]
      },
      "properties": {
        "nom": "Saint Omer",
        "type": "L",
        "SAT": "SAT3",
        "acces": "",
        "appareil": "I5236",
        "description": ""
      }
    },
    {
      "type": "Feature",
      "geometry": {
        "type": "Point",
        "coordinates": [
          2.67608,
          50.7082
        ]
      },
      "properties": {
        "nom": "Strazeele",
        "type": "SP",
        "SAT": "",
        "acces": "",
        "appareil": "IMPF",
        "description": ""
      }
    },
    {
      "type": "Feature",
      "geometry": {
        "type": "Point",
        "coordinates": [
          2.67601,
          50.7082
        ]
      },
      "properties": {
        "nom": "Strazeele",
        "type": "SP",
        "SAT": "",
        "acces": "",
        "appareil": "IMPR",
        "description": ""
      }
    },
    {
      "type": "Feature",
      "geometry": {
        "type": "Point",
        "coordinates": [
          2.67595,
          50.7082
        ]
      },
      "properties": {
        "nom": "Strazeele",
        "type": "SP",
        "SAT": "",
        "acces": "",
        "appareil": "IP1",
        "description": ""
      }
    },
    {
      "type": "Feature",
      "geometry": {
        "type": "Point",
        "coordinates": [
          2.67601,
          50.7082
        ]
      },
      "properties": {
        "nom": "Strazeele",
        "type": "SP",
        "SAT": "",
        "acces": "",
        "appareil": "IP2",
        "description": ""
      }
    },
    {
      "type": "Feature",
      "geometry": {
        "type": "Point",
        "coordinates": [
          2.67576,
          50.7082
        ]
      },
      "properties": {
        "nom": "Strazeele",
        "type": "SP",
        "SAT": "",
        "acces": "",
        "appareil": "SM1",
        "description": ""
      }
    },
    {
      "type": "Feature",
      "geometry": {
        "type": "Point",
        "coordinates": [
          2.6761875,
          50.7083055
        ]
      },
      "properties": {
        "nom": "Strazeele",
        "type": "SP",
        "SAT": "",
        "acces": "",
        "appareil": "SM2",
        "description": ""
      }
    },
    {
      "type": "Feature",
      "geometry": {
        "type": "Point",
        "coordinates": [
          2.6754153,
          50.7082991
        ]
      },
      "properties": {
        "nom": "Strazeele",
        "type": "SP",
        "SAT": "",
        "acces": "",
        "appareil": "TT22",
        "description": ""
      }
    },
    {
      "type": "Feature",
      "geometry": {
        "type": "Point",
        "coordinates": [
          2.6754153,
          50.7082991
        ]
      },
      "properties": {
        "nom": "Strazeele",
        "type": "SP",
        "SAT": "",
        "acces": "",
        "appareil": "TC2",
        "description": ""
      }
    },
    {
      "type": "Feature",
      "geometry": {
        "type": "Point",
        "coordinates": [
          2.6765083,
          50.7082159
        ]
      },
      "properties": {
        "nom": "Strazeele",
        "type": "SP",
        "SAT": "",
        "acces": "",
        "appareil": "TC1",
        "description": ""
      }
    },
    {
      "type": "Feature",
      "geometry": {
        "type": "Point",
        "coordinates": [
          2.6765083,
          50.7082159
        ]
      },
      "properties": {
        "nom": "Strazeele",
        "type": "SP",
        "SAT": "",
        "acces": "",
        "appareil": "TT11",
        "description": ""
      }
    },
    {
      "type": "Feature",
      "geometry": {
        "type": "Point",
        "coordinates": [
          2.67589,
          50.7082
        ]
      },
      "properties": {
        "nom": "Strazeele",
        "type": "SP",
        "SAT": "",
        "acces": "",
        "appareil": "TSA",
        "description": ""
      }
    },
    {
      "type": "Feature",
      "geometry": {
        "type": "Point",
        "coordinates": [
          2.67538,
          50.7082
        ]
      },
      "properties": {
        "nom": "Strazeele",
        "type": "SP",
        "SAT": "",
        "acces": "",
        "appareil": "TT21",
        "description": ""
      }
    },
    {
      "type": "Feature",
      "geometry": {
        "type": "Point",
        "coordinates": [
          2.6761261,
          50.7083025
        ]
      },
      "properties": {
        "nom": "Strazeele",
        "type": "SP",
        "SAT": "",
        "acces": "",
        "appareil": "TT12",
        "description": ""
      }
    },
    {
      "type": "Feature",
      "geometry": {
        "type": "Point",
        "coordinates": [
          2.67281,
          50.70834
        ]
      },
      "properties": {
        "nom": "Strazeele",
        "type": "SP",
        "SAT": "SAT1",
        "acces": "",
        "appareil": "I50",
        "description": ""
      }
    },
    {
      "type": "Feature",
      "geometry": {
        "type": "Point",
        "coordinates": [
          2.68251,
          50.70859
        ]
      },
      "properties": {
        "nom": "Strazeele",
        "type": "SP",
        "SAT": "SAT2",
        "acces": "",
        "appareil": "I19",
        "description": ""
      }
    },
    {
      "type": "Feature",
      "geometry": {
        "type": "Point",
        "coordinates": [
          3.050874,
          50.577956
        ]
      },
      "properties": {
        "nom": "Templemars",
        "type": "L",
        "SAT": "",
        "acces": "",
        "appareil": "I35315",
        "description": "",
        "hors_patrimoine": false
      }
    },
    {
      "type": "Feature",
      "geometry": {
        "type": "Point",
        "coordinates": [
          2.4802381,
          50.6580389
        ]
      },
      "properties": {
        "nom": "Thiennes",
        "type": "SP",
        "SAT": "",
        "acces": "",
        "appareil": "IMP Ruminghem",
        "description": ""
      }
    },
    {
      "type": "Feature",
      "geometry": {
        "type": "Point",
        "coordinates": [
          2.4801938,
          50.6580092
        ]
      },
      "properties": {
        "nom": "Thiennes",
        "type": "SP",
        "SAT": "",
        "acces": "",
        "appareil": "IMP Verquigneul",
        "description": ""
      }
    },
    {
      "type": "Feature",
      "geometry": {
        "type": "Point",
        "coordinates": [
          2.4802775,
          50.6580697
        ]
      },
      "properties": {
        "nom": "Thiennes",
        "type": "SP",
        "SAT": "",
        "acces": "",
        "appareil": "IP1",
        "description": ""
      }
    },
    {
      "type": "Feature",
      "geometry": {
        "type": "Point",
        "coordinates": [
          2.4802381,
          50.6580389
        ]
      },
      "properties": {
        "nom": "Thiennes",
        "type": "SP",
        "SAT": "",
        "acces": "",
        "appareil": "IP2",
        "description": ""
      }
    },
    {
      "type": "Feature",
      "geometry": {
        "type": "Point",
        "coordinates": [
          2.47946,
          50.65745
        ]
      },
      "properties": {
        "nom": "Thiennes",
        "type": "SP",
        "SAT": "",
        "acces": "",
        "appareil": "SM1",
        "description": ""
      }
    },
    {
      "type": "Feature",
      "geometry": {
        "type": "Point",
        "coordinates": [
          2.4793,
          50.65717
        ]
      },
      "properties": {
        "nom": "Thiennes",
        "type": "SP",
        "SAT": "",
        "acces": "",
        "appareil": "SM2",
        "description": ""
      }
    },
    {
      "type": "Feature",
      "geometry": {
        "type": "Point",
        "coordinates": [
          2.4803285,
          50.658102
        ]
      },
      "properties": {
        "nom": "Thiennes",
        "type": "SP",
        "SAT": "",
        "acces": "",
        "appareil": "TSA",
        "description": ""
      }
    },
    {
      "type": "Feature",
      "geometry": {
        "type": "Point",
        "coordinates": [
          2.47905,
          50.65698
        ]
      },
      "properties": {
        "nom": "Thiennes",
        "type": "SP",
        "SAT": "",
        "acces": "",
        "appareil": "TT22",
        "description": ""
      }
    },
    {
      "type": "Feature",
      "geometry": {
        "type": "Point",
        "coordinates": [
          2.4798746,
          50.6577606
        ]
      },
      "properties": {
        "nom": "Thiennes",
        "type": "SP",
        "SAT": "",
        "acces": "",
        "appareil": "TT11",
        "description": ""
      }
    },
    {
      "type": "Feature",
      "geometry": {
        "type": "Point",
        "coordinates": [
          2.48037,
          50.65798
        ]
      },
      "properties": {
        "nom": "Thiennes",
        "type": "SP",
        "SAT": "",
        "acces": "",
        "appareil": "TT12",
        "description": ""
      }
    },
    {
      "type": "Feature",
      "geometry": {
        "type": "Point",
        "coordinates": [
          2.5003617,
          50.739315
        ]
      },
      "properties": {
        "nom": "Volck Veld",
        "type": "SP",
        "SAT": "",
        "acces": "",
        "appareil": "SM1",
        "description": ""
      }
    },
    {
      "type": "Feature",
      "geometry": {
        "type": "Point",
        "coordinates": [
          2.5005012,
          50.7393439
        ]
      },
      "properties": {
        "nom": "Volck Veld",
        "type": "SP",
        "SAT": "",
        "acces": "",
        "appareil": "SM2",
        "description": ""
      }
    },
    {
      "type": "Feature",
      "geometry": {
        "type": "Point",
        "coordinates": [
          2.500423,
          50.739126
        ]
      },
      "properties": {
        "nom": "Volck Veld",
        "type": "SP",
        "SAT": "",
        "acces": "",
        "appareil": "IMP COUDEKERQUE",
        "description": "",
        "hors_patrimoine": false
      }
    },
    {
      "type": "Feature",
      "geometry": {
        "type": "Point",
        "coordinates": [
          2.500423,
          50.739126
        ]
      },
      "properties": {
        "nom": "Volck Veld",
        "type": "SP",
        "SAT": "",
        "acces": "",
        "appareil": "T3",
        "description": "",
        "hors_patrimoine": true
      }
    },
    {
      "type": "Feature",
      "geometry": {
        "type": "Point",
        "coordinates": [
          2.500423,
          50.739126
        ]
      },
      "properties": {
        "nom": "Volck Veld",
        "type": "SP",
        "SAT": "",
        "acces": "",
        "appareil": "T2",
        "description": "",
        "hors_patrimoine": true
      }
    },
    {
      "type": "Feature",
      "geometry": {
        "type": "Point",
        "coordinates": [
          2.5005,
          50.739092
        ]
      },
      "properties": {
        "nom": "Volck Veld",
        "type": "SP",
        "SAT": "",
        "acces": "",
        "appareil": "TT SSR ARNEKE - VOLCK VELD - CASSEL V2",
        "description": "",
        "hors_patrimoine": false
      }
    },
    {
      "type": "Feature",
      "geometry": {
        "type": "Point",
        "coordinates": [
          2.500528,
          50.739063
        ]
      },
      "properties": {
        "nom": "Volck Veld",
        "type": "SP",
        "SAT": "",
        "acces": "",
        "appareil": "TT SSR HAZEBROUCK VOLCK VELD V2",
        "description": "",
        "hors_patrimoine": false
      }
    },
    {
      "type": "Feature",
      "geometry": {
        "type": "Point",
        "coordinates": [
          2.500476,
          50.739049
        ]
      },
      "properties": {
        "nom": "Volck Veld",
        "type": "SP",
        "SAT": "",
        "acces": "",
        "appareil": "IP1",
        "description": "",
        "hors_patrimoine": false
      }
    },
    {
      "type": "Feature",
      "geometry": {
        "type": "Point",
        "coordinates": [
          2.500476,
          50.739049
        ]
      },
      "properties": {
        "nom": "Volck Veld",
        "type": "SP",
        "SAT": "",
        "acces": "",
        "appareil": "T4",
        "description": "",
        "hors_patrimoine": true
      }
    },
    {
      "type": "Feature",
      "geometry": {
        "type": "Point",
        "coordinates": [
          2.500447,
          50.739085
        ]
      },
      "properties": {
        "nom": "Volck Veld",
        "type": "SP",
        "SAT": "",
        "acces": "",
        "appareil": "IMP RUMINGHEM",
        "description": "",
        "hors_patrimoine": false
      }
    },
    {
      "type": "Feature",
      "geometry": {
        "type": "Point",
        "coordinates": [
          2.500447,
          50.739085
        ]
      },
      "properties": {
        "nom": "Volck Veld",
        "type": "SP",
        "SAT": "",
        "acces": "",
        "appareil": "IP2",
        "description": "",
        "hors_patrimoine": false
      }
    },
    {
      "type": "Feature",
      "geometry": {
        "type": "Point",
        "coordinates": [
          2.500447,
          50.739085
        ]
      },
      "properties": {
        "nom": "Volck Veld",
        "type": "SP",
        "SAT": "",
        "acces": "",
        "appareil": "T1",
        "description": "",
        "hors_patrimoine": true
      }
    },
    {
      "type": "Feature",
      "geometry": {
        "type": "Point",
        "coordinates": [
          2.500251,
          50.739461
        ]
      },
      "properties": {
        "nom": "Volck Veld",
        "type": "SP",
        "SAT": "",
        "acces": "",
        "appareil": "TT SSR ARNEKE - VOLCK VELD V1",
        "description": "",
        "hors_patrimoine": false
      }
    },
    {
      "type": "Feature",
      "geometry": {
        "type": "Point",
        "coordinates": [
          2.500973,
          50.738392
        ]
      },
      "properties": {
        "nom": "Volck Veld",
        "type": "SP",
        "SAT": "",
        "acces": "",
        "appareil": "TT SSR HAUTE LOGE - VOLCK VELD V1",
        "description": "",
        "hors_patrimoine": false
      }
    },
    {
      "type": "Feature",
      "geometry": {
        "type": "Point",
        "coordinates": [
          2.831717,
          50.40392
        ]
      },
      "properties": {
        "nom": "Avion",
        "type": "",
        "SAT": "",
        "acces": "208-16",
        "appareil": "208-16",
        "description": "A manœuvrer pour les consignations C de Bailleul sir Berthoult",
        "hors_patrimoine": true
      }
    },
    {
      "type": "Feature",
      "geometry": {
        "type": "Point",
        "coordinates": [
          2.835755,
          50.40953
        ]
      },
      "properties": {
        "nom": "Avion",
        "type": "",
        "SAT": "",
        "acces": "209-3",
        "appareil": "209-3",
        "description": "A manœuvrer pour les consignations C de Bailleul sir Berthoult",
        "hors_patrimoine": true
      }
    },
    {
      "type": "Feature",
      "geometry": {
        "type": "Point",
        "coordinates": [
          2.9205,
          50.41541
        ]
      },
      "properties": {
        "nom": "Billy",
        "type": "SP",
        "SAT": "",
        "acces": "",
        "appareil": "Alimentation",
        "description": "Alimentation SE (guérite SE)",
        "hors_patrimoine": true
      }
    },
    {
      "type": "Feature",
      "geometry": {
        "type": "Point",
        "coordinates": [
          2.919918,
          50.41541
        ]
      },
      "properties": {
        "nom": "Billy",
        "type": "SP",
        "SAT": "",
        "acces": "",
        "appareil": "TT",
        "description": ""
      }
    },
    {
      "type": "Feature",
      "geometry": {
        "type": "Point",
        "coordinates": [
          2.919853,
          50.41541
        ]
      },
      "properties": {
        "nom": "Billy",
        "type": "SP",
        "SAT": "",
        "acces": "",
        "appareil": "TT",
        "description": ""
      }
    },
    {
      "type": "Feature",
      "geometry": {
        "type": "Point",
        "coordinates": [
          2.919975,
          50.41541
        ]
      },
      "properties": {
        "nom": "Billy",
        "type": "SP",
        "SAT": "",
        "acces": "",
        "appareil": "TT",
        "description": ""
      }
    },
    {
      "type": "Feature",
      "geometry": {
        "type": "Point",
        "coordinates": [
          2.920953,
          50.41538
        ]
      },
      "properties": {
        "nom": "Billy",
        "type": "SP",
        "SAT": "",
        "acces": "",
        "appareil": "TT",
        "description": ""
      }
    },
    {
      "type": "Feature",
      "geometry": {
        "type": "Point",
        "coordinates": [
          2.919725,
          50.41541
        ]
      },
      "properties": {
        "nom": "Billy",
        "type": "SP",
        "SAT": "",
        "acces": "",
        "appareil": "IP1",
        "description": ""
      }
    },
    {
      "type": "Feature",
      "geometry": {
        "type": "Point",
        "coordinates": [
          2.920123,
          50.4154
        ]
      },
      "properties": {
        "nom": "Billy",
        "type": "SP",
        "SAT": "",
        "acces": "",
        "appareil": "IP2",
        "description": ""
      }
    },
    {
      "type": "Feature",
      "geometry": {
        "type": "Point",
        "coordinates": [
          2.919792,
          50.41541
        ]
      },
      "properties": {
        "nom": "Billy",
        "type": "SP",
        "SAT": "",
        "acces": "",
        "appareil": "IMP Verquigneul",
        "description": ""
      }
    },
    {
      "type": "Feature",
      "geometry": {
        "type": "Point",
        "coordinates": [
          2.920204,
          50.4154
        ]
      },
      "properties": {
        "nom": "Billy",
        "type": "SP",
        "SAT": "",
        "acces": "",
        "appareil": "IMP Terres noires",
        "description": ""
      }
    },
    {
      "type": "Feature",
      "geometry": {
        "type": "Point",
        "coordinates": [
          2.920662,
          50.41539
        ]
      },
      "properties": {
        "nom": "Billy",
        "type": "SP",
        "SAT": "",
        "acces": "",
        "appareil": "SM1",
        "description": ""
      }
    },
    {
      "type": "Feature",
      "geometry": {
        "type": "Point",
        "coordinates": [
          2.920661,
          50.4153
        ]
      },
      "properties": {
        "nom": "Billy",
        "type": "SP",
        "SAT": "",
        "acces": "",
        "appareil": "SM2",
        "description": ""
      }
    },
    {
      "type": "Feature",
      "geometry": {
        "type": "Point",
        "coordinates": [
          2.769949,
          50.21275
        ]
      },
      "properties": {
        "nom": "Boisleux",
        "type": "SSP",
        "SAT": "SAT1",
        "acces": "",
        "appareil": "183-14",
        "description": ""
      }
    },
    {
      "type": "Feature",
      "geometry": {
        "type": "Point",
        "coordinates": [
          2.774688,
          50.20754
        ]
      },
      "properties": {
        "nom": "Boisleux",
        "type": "SSP",
        "SAT": "SAT2",
        "acces": "",
        "appareil": "I35",
        "description": ""
      }
    },
    {
      "type": "Feature",
      "geometry": {
        "type": "Point",
        "coordinates": [
          2.775846,
          50.20684
        ]
      },
      "properties": {
        "nom": "Boisleux",
        "type": "SSP",
        "SAT": "SAT2",
        "acces": "",
        "appareil": "IL2",
        "description": ""
      }
    },
    {
      "type": "Feature",
      "geometry": {
        "type": "Point",
        "coordinates": [
          3.022268,
          50.52213
        ]
      },
      "properties": {
        "nom": "Phalempin",
        "type": "SP",
        "SAT": "",
        "acces": "",
        "appareil": "Alimentation",
        "description": "",
        "hors_patrimoine": true
      }
    },
    {
      "type": "Feature",
      "geometry": {
        "type": "Point",
        "coordinates": [
          2.889165,
          50.30513
        ]
      },
      "properties": {
        "nom": "Roeux",
        "type": "PRCI",
        "SAT": "",
        "acces": "",
        "appareil": "I417",
        "description": ""
      }
    },
    {
      "type": "Feature",
      "geometry": {
        "type": "Point",
        "coordinates": [
          2.888874,
          50.30475
        ]
      },
      "properties": {
        "nom": "Roeux",
        "type": "PRCI",
        "SAT": "",
        "acces": "",
        "appareil": "I415",
        "description": ""
      }
    },
    {
      "type": "Feature",
      "geometry": {
        "type": "Point",
        "coordinates": [
          2.889168,
          50.30469
        ]
      },
      "properties": {
        "nom": "Roeux",
        "type": "PRCI",
        "SAT": "",
        "acces": "",
        "appareil": "TT415",
        "description": ""
      }
    },
    {
      "type": "Feature",
      "geometry": {
        "type": "Point",
        "coordinates": [
          2.891624,
          50.30788
        ]
      },
      "properties": {
        "nom": "Roeux",
        "type": "PRCI",
        "SAT": "",
        "acces": "",
        "appareil": "I408",
        "description": ""
      }
    },
    {
      "type": "Feature",
      "geometry": {
        "type": "Point",
        "coordinates": [
          2.893553,
          50.31118
        ]
      },
      "properties": {
        "nom": "Roeux",
        "type": "PRCI",
        "SAT": "",
        "acces": "",
        "appareil": "I421",
        "description": ""
      }
    },
    {
      "type": "Feature",
      "geometry": {
        "type": "Point",
        "coordinates": [
          3.468799,
          50.06043
        ]
      },
      "properties": {
        "nom": "Honnechy",
        "type": "L",
        "SAT": "",
        "acces": "",
        "appareil": "I90507",
        "description": ""
      }
    },
    {
      "type": "Feature",
      "geometry": {
        "type": "Point",
        "coordinates": [
          3.468744,
          50.06042
        ]
      },
      "properties": {
        "nom": "Honnechy",
        "type": "L",
        "SAT": "",
        "acces": "",
        "appareil": "183-09 bis",
        "description": "Rechauffage",
        "hors_patrimoine": true
      }
    },
    {
      "type": "Feature",
      "geometry": {
        "type": "Point",
        "coordinates": [
          3.466246,
          50.05968
        ]
      },
      "properties": {
        "nom": "Honnechy",
        "type": "L",
        "SAT": "",
        "acces": "",
        "appareil": "I90503",
        "description": ""
      }
    },
    {
      "type": "Feature",
      "geometry": {
        "type": "Point",
        "coordinates": [
          3.466126,
          50.05965
        ]
      },
      "properties": {
        "nom": "Honnechy",
        "type": "L",
        "SAT": "",
        "acces": "",
        "appareil": "I90505",
        "description": ""
      }
    },
    {
      "type": "Feature",
      "geometry": {
        "type": "Point",
        "coordinates": [
          3.466126,
          50.05965
        ]
      },
      "properties": {
        "nom": "Honnechy",
        "type": "L",
        "SAT": "",
        "acces": "",
        "appareil": "TT90505",
        "description": ""
      }
    },
    {
      "type": "Feature",
      "geometry": {
        "type": "Point",
        "coordinates": [
          3.825314,
          50.18954
        ]
      },
      "properties": {
        "nom": "Sassegnies",
        "type": "L",
        "SAT": "",
        "acces": "",
        "appareil": "I2072",
        "description": ""
      }
    },
    {
      "type": "Feature",
      "geometry": {
        "type": "Point",
        "coordinates": [
          3.825395,
          50.18957
        ]
      },
      "properties": {
        "nom": "Sassegnies",
        "type": "L",
        "SAT": "",
        "acces": "",
        "appareil": "I2070",
        "description": ""
      }
    },
    {
      "type": "Feature",
      "geometry": {
        "type": "Point",
        "coordinates": [
          3.825555,
          50.18963
        ]
      },
      "properties": {
        "nom": "Sassegnies",
        "type": "L",
        "SAT": "",
        "acces": "",
        "appareil": "I2068",
        "description": ""
      }
    },
    {
      "type": "Feature",
      "geometry": {
        "type": "Point",
        "coordinates": [
          3.825375,
          50.18956
        ]
      },
      "properties": {
        "nom": "Sassegnies",
        "type": "L",
        "SAT": "",
        "acces": "",
        "appareil": "TT2070",
        "description": ""
      }
    },
    {
      "type": "Feature",
      "geometry": {
        "type": "Point",
        "coordinates": [
          3.102092,
          50.35835
        ]
      },
      "properties": {
        "nom": "Sin le noble",
        "type": "SSP",
        "SAT": "",
        "acces": "",
        "appareil": "I36507",
        "description": ""
      }
    },
    {
      "type": "Feature",
      "geometry": {
        "type": "Point",
        "coordinates": [
          3.102076,
          50.35828
        ]
      },
      "properties": {
        "nom": "Sin le noble",
        "type": "SSP",
        "SAT": "",
        "acces": "",
        "appareil": "I36510",
        "description": ""
      }
    },
    {
      "type": "Feature",
      "geometry": {
        "type": "Point",
        "coordinates": [
          3.107679,
          50.358165
        ]
      },
      "properties": {
        "nom": "Sin le noble",
        "type": "SSP",
        "SAT": "",
        "acces": "",
        "appareil": "TT Terres Noires -  Sin V2 ",
        "description": "",
        "hors_patrimoine": false
      }
    },
    {
      "type": "Feature",
      "geometry": {
        "type": "Point",
        "coordinates": [
          3.105592,
          50.358166
        ]
      },
      "properties": {
        "nom": "Sin le noble",
        "type": "SSP",
        "SAT": "",
        "acces": "",
        "appareil": "TT Terres Noires -  Sin V1",
        "description": "",
        "hors_patrimoine": false
      }
    },
    {
      "type": "Feature",
      "geometry": {
        "type": "Point",
        "coordinates": [
          3.107043,
          50.358068
        ]
      },
      "properties": {
        "nom": "Sin le noble",
        "type": "SSP",
        "SAT": "",
        "acces": "",
        "appareil": "TT Bif de Sin - VOIE DC",
        "description": "",
        "hors_patrimoine": false
      }
    },
    {
      "type": "Feature",
      "geometry": {
        "type": "Point",
        "coordinates": [
          3.105364,
          50.358072
        ]
      },
      "properties": {
        "nom": "Sin le noble",
        "type": "SSP",
        "SAT": "",
        "acces": "",
        "appareil": "TT Sin - Douai - ARRIVEE",
        "description": "",
        "hors_patrimoine": false
      }
    },
    {
      "type": "Feature",
      "geometry": {
        "type": "Point",
        "coordinates": [
          3.105421,
          50.358071
        ]
      },
      "properties": {
        "nom": "Sin le noble",
        "type": "SSP",
        "SAT": "",
        "acces": "",
        "appareil": "IL4",
        "description": "",
        "hors_patrimoine": false
      }
    },
    {
      "type": "Feature",
      "geometry": {
        "type": "Point",
        "coordinates": [
          3.105476,
          50.358072
        ]
      },
      "properties": {
        "nom": "Sin le noble",
        "type": "SSP",
        "SAT": "",
        "acces": "",
        "appareil": "IL3",
        "description": "",
        "hors_patrimoine": false
      }
    },
    {
      "type": "Feature",
      "geometry": {
        "type": "Point",
        "coordinates": [
          3.105534,
          50.358068
        ]
      },
      "properties": {
        "nom": "Sin le noble",
        "type": "SSP",
        "SAT": "",
        "acces": "",
        "appareil": "IL1",
        "description": "",
        "hors_patrimoine": false
      }
    },
    {
      "type": "Feature",
      "geometry": {
        "type": "Point",
        "coordinates": [
          3.105587,
          50.358071
        ]
      },
      "properties": {
        "nom": "Sin le noble",
        "type": "SSP",
        "SAT": "",
        "acces": "",
        "appareil": "IL7",
        "description": "",
        "hors_patrimoine": false
      }
    },
    {
      "type": "Feature",
      "geometry": {
        "type": "Point",
        "coordinates": [
          3.105644,
          50.358068
        ]
      },
      "properties": {
        "nom": "Sin le noble",
        "type": "SSP",
        "SAT": "",
        "acces": "",
        "appareil": "IL2",
        "description": "",
        "hors_patrimoine": false
      }
    },
    {
      "type": "Feature",
      "geometry": {
        "type": "Point",
        "coordinates": [
          3.105698,
          50.358066
        ]
      },
      "properties": {
        "nom": "Sin le noble",
        "type": "SSP",
        "SAT": "",
        "acces": "",
        "appareil": "IL5",
        "description": "",
        "hors_patrimoine": false
      }
    },
    {
      "type": "Feature",
      "geometry": {
        "type": "Point",
        "coordinates": [
          3.10575,
          50.358065
        ]
      },
      "properties": {
        "nom": "Sin le noble",
        "type": "SSP",
        "SAT": "",
        "acces": "",
        "appareil": "IL6",
        "description": "",
        "hors_patrimoine": false
      }
    },
    {
      "type": "Feature",
      "geometry": {
        "type": "Point",
        "coordinates": [
          3.105803,
          50.358064
        ]
      },
      "properties": {
        "nom": "Sin le noble",
        "type": "SSP",
        "SAT": "",
        "acces": "",
        "appareil": "TT Bif de SIN - VOIE AC",
        "description": "",
        "hors_patrimoine": false
      }
    },
    {
      "type": "Feature",
      "geometry": {
        "type": "Point",
        "coordinates": [
          3.10636,
          50.358036
        ]
      },
      "properties": {
        "nom": "Sin le noble",
        "type": "SSP",
        "SAT": "",
        "acces": "",
        "appareil": "TT Sin - Blecourt",
        "description": "⚠️Il faut deux SEL à consigner pour intervenir dessus",
        "hors_patrimoine": false
      }
    },
    {
      "type": "Feature",
      "geometry": {
        "type": "Point",
        "coordinates": [
          3.261817,
          50.35516
        ]
      },
      "properties": {
        "nom": "Somain",
        "type": "A",
        "SAT": "",
        "acces": "",
        "appareil": "IA1",
        "description": "FSK"
      }
    },
    {
      "type": "Feature",
      "geometry": {
        "type": "Point",
        "coordinates": [
          3.261817,
          50.35516
        ]
      },
      "properties": {
        "nom": "Somain",
        "type": "A",
        "SAT": "",
        "acces": "",
        "appareil": "TT IA1",
        "description": "FSK"
      }
    },
    {
      "type": "Feature",
      "geometry": {
        "type": "Point",
        "coordinates": [
          3.261817,
          50.35516
        ]
      },
      "properties": {
        "nom": "Somain",
        "type": "A",
        "SAT": "",
        "acces": "",
        "appareil": "TC IA1",
        "description": "FSK"
      }
    },
    {
      "type": "Feature",
      "geometry": {
        "type": "Point",
        "coordinates": [
          3.835129,
          50.18604
        ]
      },
      "properties": {
        "nom": "Leval",
        "type": "SP",
        "SAT": "",
        "acces": "",
        "appareil": "I2086",
        "description": ""
      }
    },
    {
      "type": "Feature",
      "geometry": {
        "type": "Point",
        "coordinates": [
          3.83515,
          50.18601
        ]
      },
      "properties": {
        "nom": "Leval",
        "type": "SP",
        "SAT": "",
        "acces": "",
        "appareil": "TT2086",
        "description": ""
      }
    },
    {
      "type": "Feature",
      "geometry": {
        "type": "Point",
        "coordinates": [
          3.834158,
          50.18705
        ]
      },
      "properties": {
        "nom": "Leval",
        "type": "SP",
        "SAT": "",
        "acces": "",
        "appareil": "I2082",
        "description": ""
      }
    },
    {
      "type": "Feature",
      "geometry": {
        "type": "Point",
        "coordinates": [
          3.833876,
          50.18737
        ]
      },
      "properties": {
        "nom": "Leval",
        "type": "SP",
        "SAT": "",
        "acces": "",
        "appareil": "I2092",
        "description": ""
      }
    },
    {
      "type": "Feature",
      "geometry": {
        "type": "Point",
        "coordinates": [
          3.833802,
          50.18744
        ]
      },
      "properties": {
        "nom": "Leval",
        "type": "SP",
        "SAT": "",
        "acces": "",
        "appareil": "I2083",
        "description": ""
      }
    },
    {
      "type": "Feature",
      "geometry": {
        "type": "Point",
        "coordinates": [
          3.833817,
          50.18742
        ]
      },
      "properties": {
        "nom": "Leval",
        "type": "SP",
        "SAT": "",
        "acces": "",
        "appareil": "TT2084",
        "description": ""
      }
    },
    {
      "type": "Feature",
      "geometry": {
        "type": "Point",
        "coordinates": [
          2.974352,
          50.46622
        ]
      },
      "properties": {
        "nom": "Oignies",
        "type": "PRCI",
        "SAT": "",
        "acces": "",
        "appareil": "I446",
        "description": ""
      }
    },
    {
      "type": "Feature",
      "geometry": {
        "type": "Point",
        "coordinates": [
          3.084384,
          50.62904
        ]
      },
      "properties": {
        "nom": "Lille",
        "type": "VR GP",
        "SAT": "",
        "acces": "",
        "appareil": "IP GP",
        "description": ""
      }
    },
    {
      "type": "Feature",
      "geometry": {
        "type": "Point",
        "coordinates": [
          3.084766,
          50.62853
        ]
      },
      "properties": {
        "nom": "Lille Europe",
        "type": "PRCI",
        "SAT": "",
        "acces": "",
        "appareil": "I537",
        "description": ""
      }
    },
    {
      "type": "Feature",
      "geometry": {
        "type": "Point",
        "coordinates": [
          3.085424,
          50.62775
        ]
      },
      "properties": {
        "nom": "Lille Europe",
        "type": "PRCI",
        "SAT": "",
        "acces": "",
        "appareil": "I536",
        "description": ""
      }
    },
    {
      "type": "Feature",
      "geometry": {
        "type": "Point",
        "coordinates": [
          3.091286,
          50.62185
        ]
      },
      "properties": {
        "nom": "Lille Europe",
        "type": "PRCI",
        "SAT": "",
        "acces": "TT5256",
        "appareil": "TT5256",
        "description": ""
      }
    },
    {
      "type": "Feature",
      "geometry": {
        "type": "Point",
        "coordinates": [
          3.099587,
          50.61447
        ]
      },
      "properties": {
        "nom": "Lille Europe",
        "type": "PRCI",
        "SAT": "",
        "acces": "534_535",
        "appareil": "I535",
        "description": ""
      }
    },
    {
      "type": "Feature",
      "geometry": {
        "type": "Point",
        "coordinates": [
          3.099336,
          50.61475
        ]
      },
      "properties": {
        "nom": "Lille Europe",
        "type": "PRCI",
        "SAT": "",
        "acces": "534_535",
        "appareil": "I534",
        "description": ""
      }
    },
    {
      "type": "Feature",
      "geometry": {
        "type": "Point",
        "coordinates": [
          3.084765,
          50.62896
        ]
      },
      "properties": {
        "nom": "Lille Europe",
        "type": "PRCI",
        "SAT": "",
        "acces": "TT630",
        "appareil": "TT630",
        "description": ""
      }
    },
    {
      "type": "Feature",
      "geometry": {
        "type": "Point",
        "coordinates": [
          3.099565,
          50.6145
        ]
      },
      "properties": {
        "nom": "Lille Europe",
        "type": "PRCI",
        "SAT": "",
        "acces": "534_535",
        "appareil": "TT535",
        "description": ""
      }
    },
    {
      "type": "Feature",
      "geometry": {
        "type": "Point",
        "coordinates": [
          3.099324,
          50.61476
        ]
      },
      "properties": {
        "nom": "Lille Europe",
        "type": "PRCI",
        "SAT": "",
        "acces": "534_535",
        "appareil": "TT534",
        "description": ""
      }
    },
    {
      "type": "Feature",
      "geometry": {
        "type": "Point",
        "coordinates": [
          3.084737,
          50.62857
        ]
      },
      "properties": {
        "nom": "Lille Europe",
        "type": "PRCI",
        "SAT": "",
        "acces": "",
        "appareil": "TT537",
        "description": ""
      }
    },
    {
      "type": "Feature",
      "geometry": {
        "type": "Point",
        "coordinates": [
          3.054548,
          50.616697
        ]
      },
      "properties": {
        "nom": "Lille Sud",
        "type": "S",
        "SAT": "",
        "acces": "",
        "appareil": "I TSA",
        "description": "I TSA est le sectionneur du TSA",
        "hors_patrimoine": false
      }
    },
    {
      "type": "Feature",
      "geometry": {
        "type": "Point",
        "coordinates": [
          3.054548,
          50.616697
        ]
      },
      "properties": {
        "nom": "Lille Sud",
        "type": "S",
        "SAT": "",
        "acces": "",
        "appareil": "TSA",
        "description": "",
        "hors_patrimoine": false
      }
    },
    {
      "type": "Feature",
      "geometry": {
        "type": "Point",
        "coordinates": [
          3.054608,
          50.616686
        ]
      },
      "properties": {
        "nom": "Lille Sud",
        "type": "S",
        "SAT": "",
        "acces": "",
        "appareil": "TT FEEDER LS",
        "description": "",
        "hors_patrimoine": false
      }
    },
    {
      "type": "Feature",
      "geometry": {
        "type": "Point",
        "coordinates": [
          3.054608,
          50.616686
        ]
      },
      "properties": {
        "nom": "Lille Sud",
        "type": "S",
        "SAT": "",
        "acces": "",
        "appareil": "F1",
        "description": "",
        "hors_patrimoine": true
      }
    },
    {
      "type": "Feature",
      "geometry": {
        "type": "Point",
        "coordinates": [
          3.054665,
          50.616688
        ]
      },
      "properties": {
        "nom": "Lille Sud",
        "type": "S",
        "SAT": "",
        "acces": "",
        "appareil": "IP1",
        "description": "",
        "hors_patrimoine": false
      }
    },
    {
      "type": "Feature",
      "geometry": {
        "type": "Point",
        "coordinates": [
          3.054665,
          50.616688
        ]
      },
      "properties": {
        "nom": "Lille Sud",
        "type": "S",
        "SAT": "",
        "acces": "",
        "appareil": "IP2",
        "description": "",
        "hors_patrimoine": false
      }
    },
    {
      "type": "Feature",
      "geometry": {
        "type": "Point",
        "coordinates": [
          3.054665,
          50.616688
        ]
      },
      "properties": {
        "nom": "Lille Sud",
        "type": "S",
        "SAT": "",
        "acces": "",
        "appareil": "T1",
        "description": "",
        "hors_patrimoine": true
      }
    },
    {
      "type": "Feature",
      "geometry": {
        "type": "Point",
        "coordinates": [
          3.054665,
          50.616688
        ]
      },
      "properties": {
        "nom": "Lille Sud",
        "type": "S",
        "SAT": "",
        "acces": "",
        "appareil": "T2",
        "description": "",
        "hors_patrimoine": true
      }
    },
    {
      "type": "Feature",
      "geometry": {
        "type": "Point",
        "coordinates": [
          3.08983,
          50.61503
        ]
      },
      "properties": {
        "nom": "Saint Sauveur",
        "type": "A",
        "SAT": "",
        "acces": "",
        "appareil": "IA1",
        "description": "IA1 : demande à l'agent E pour manoeuvre de l'appareil, secours par S-5067-102 "
      }
    },
    {
      "type": "Feature",
      "geometry": {
        "type": "Point",
        "coordinates": [
          3.08983,
          50.61503
        ]
      },
      "properties": {
        "nom": "Saint Sauveur",
        "type": "A",
        "SAT": "",
        "acces": "",
        "appareil": "TT IA1",
        "description": ""
      }
    },
    {
      "type": "Feature",
      "geometry": {
        "type": "Point",
        "coordinates": [
          3.08983,
          50.61503
        ]
      },
      "properties": {
        "nom": "Saint Sauveur",
        "type": "A",
        "SAT": "",
        "acces": "",
        "appareil": "TC IA1",
        "description": ""
      }
    },
    {
      "type": "Feature",
      "geometry": {
        "type": "Point",
        "coordinates": [
          3.08983,
          50.61503
        ]
      },
      "properties": {
        "nom": "Saint Sauveur",
        "type": "A",
        "SAT": "",
        "acces": "",
        "appareil": "B/IA1",
        "description": ""
      }
    },
    {
      "type": "Feature",
      "geometry": {
        "type": "Point",
        "coordinates": [
          3.086089,
          50.623276
        ]
      },
      "properties": {
        "nom": "Saint Sauveur",
        "type": "L",
        "SAT": "",
        "acces": "",
        "appareil": "I5072",
        "description": "",
        "hors_patrimoine": false
      }
    },
    {
      "type": "Feature",
      "geometry": {
        "type": "Point",
        "coordinates": [
          3.085762,
          50.623725
        ]
      },
      "properties": {
        "nom": "Saint Sauveur",
        "type": "L",
        "SAT": "",
        "acces": "",
        "appareil": "I5067",
        "description": "",
        "hors_patrimoine": false
      }
    },
    {
      "type": "Feature",
      "geometry": {
        "type": "Point",
        "coordinates": [
          3.085462,
          50.624473
        ]
      },
      "properties": {
        "nom": "Saint Sauveur",
        "type": "L",
        "SAT": "",
        "acces": "",
        "appareil": "I5065",
        "description": "",
        "hors_patrimoine": false
      }
    },
    {
      "type": "Feature",
      "geometry": {
        "type": "Point",
        "coordinates": [
          3.085395,
          50.624715
        ]
      },
      "properties": {
        "nom": "Saint Sauveur",
        "type": "L",
        "SAT": "",
        "acces": "",
        "appareil": "I5066",
        "description": "",
        "hors_patrimoine": false
      }
    },
    {
      "type": "Feature",
      "geometry": {
        "type": "Point",
        "coordinates": [
          2.64545,
          50.51932
        ]
      },
      "properties": {
        "nom": "Bethune SUD",
        "type": "SS",
        "SAT": "",
        "acces": "",
        "appareil": "229-27B",
        "description": "➡️Commande SOULE",
        "hors_patrimoine": true
      }
    },
    {
      "type": "Feature",
      "geometry": {
        "type": "Point",
        "coordinates": [
          2.260769,
          50.993162
        ]
      },
      "properties": {
        "nom": "PE5 Mardyck",
        "type": "A",
        "SAT": "",
        "acces": "",
        "appareil": "DA3",
        "description": ""
      }
    },
    {
      "type": "Feature",
      "geometry": {
        "type": "Point",
        "coordinates": [
          3.2579,
          50.16997
        ]
      },
      "properties": {
        "nom": "Cambrai",
        "type": "L",
        "SAT": "",
        "acces": "",
        "appareil": "I83502",
        "description": ""
      }
    },
    {
      "type": "Feature",
      "geometry": {
        "type": "Point",
        "coordinates": [
          3.264991,
          50.164523
        ]
      },
      "properties": {
        "nom": "Cambrai",
        "type": "L",
        "SAT": "",
        "acces": "",
        "appareil": "I83507",
        "description": ""
      }
    },
    {
      "type": "Feature",
      "geometry": {
        "type": "Point",
        "coordinates": [
          3.25982,
          50.16693
        ]
      },
      "properties": {
        "nom": "Cambrai",
        "type": "L",
        "SAT": "",
        "acces": "",
        "appareil": "SI83501/83505",
        "description": ""
      }
    },
    {
      "type": "Feature",
      "geometry": {
        "type": "Point",
        "coordinates": [
          3.25976,
          50.16695
        ]
      },
      "properties": {
        "nom": "Cambrai",
        "type": "L",
        "SAT": "",
        "acces": "",
        "appareil": "I83501",
        "description": ""
      }
    },
    {
      "type": "Feature",
      "geometry": {
        "type": "Point",
        "coordinates": [
          2.33867,
          49.87988
        ]
      },
      "properties": {
        "nom": "Amiens CU",
        "type": "L",
        "SAT": "SATa",
        "acces": "",
        "appareil": "I34",
        "description": ""
      }
    },
    {
      "type": "Feature",
      "geometry": {
        "type": "Point",
        "coordinates": [
          2.33863,
          49.87991
        ]
      },
      "properties": {
        "nom": "Amiens CU",
        "type": "L",
        "SAT": "SATa",
        "acces": "",
        "appareil": "I35",
        "description": ""
      }
    },
    {
      "type": "Feature",
      "geometry": {
        "type": "Point",
        "coordinates": [
          1.98887,
          49.77859
        ]
      },
      "properties": {
        "nom": "Poix",
        "type": "SSP",
        "SAT": "",
        "acces": "",
        "appareil": "TT24",
        "description": ""
      }
    },
    {
      "type": "Feature",
      "geometry": {
        "type": "Point",
        "coordinates": [
          1.98756,
          49.77921
        ]
      },
      "properties": {
        "nom": "Poix",
        "type": "SSP",
        "SAT": "",
        "acces": "",
        "appareil": "TT25",
        "description": ""
      }
    },
    {
      "type": "Feature",
      "geometry": {
        "type": "Point",
        "coordinates": [
          1.98881,
          49.7785
        ]
      },
      "properties": {
        "nom": "Poix",
        "type": "SSP",
        "SAT": "",
        "acces": "",
        "appareil": "TSA",
        "description": ""
      }
    },
    {
      "type": "Feature",
      "geometry": {
        "type": "Point",
        "coordinates": [
          1.99264,
          49.77644
        ]
      },
      "properties": {
        "nom": "Poix",
        "type": "SSP",
        "SAT": "SAT",
        "acces": "",
        "appareil": "I22",
        "description": ""
      }
    },
    {
      "type": "Feature",
      "geometry": {
        "type": "Point",
        "coordinates": [
          3.015496,
          50.45589
        ]
      },
      "properties": {
        "nom": "Harponlieu",
        "type": "L-A",
        "SAT": "",
        "acces": "",
        "appareil": "I1039",
        "description": ""
      }
    },
    {
      "type": "Feature",
      "geometry": {
        "type": "Point",
        "coordinates": [
          3.015416,
          50.455842
        ]
      },
      "properties": {
        "nom": "Harponlieu",
        "type": "L-A",
        "SAT": "",
        "acces": "",
        "appareil": "IA1",
        "description": ""
      }
    },
    {
      "type": "Feature",
      "geometry": {
        "type": "Point",
        "coordinates": [
          3.015416,
          50.455842
        ]
      },
      "properties": {
        "nom": "Harponlieu",
        "type": "L-A",
        "SAT": "",
        "acces": "",
        "appareil": "TT IA1",
        "description": ""
      }
    },
    {
      "type": "Feature",
      "geometry": {
        "type": "Point",
        "coordinates": [
          3.015416,
          50.455842
        ]
      },
      "properties": {
        "nom": "Harponlieu",
        "type": "L-A",
        "SAT": "",
        "acces": "",
        "appareil": "TC IA1",
        "description": ""
      }
    },
    {
      "type": "Feature",
      "geometry": {
        "type": "Point",
        "coordinates": [
          3.01669,
          50.45511
        ]
      },
      "properties": {
        "nom": "Harponlieu",
        "type": "L-A",
        "SAT": "",
        "acces": "",
        "appareil": "I1040",
        "description": ""
      }
    },
    {
      "type": "Feature",
      "geometry": {
        "type": "Point",
        "coordinates": [
          3.018119,
          50.454182
        ]
      },
      "properties": {
        "nom": "Harponlieu",
        "type": "L-A",
        "SAT": "",
        "acces": "",
        "appareil": "I1037",
        "description": ""
      }
    },
    {
      "type": "Feature",
      "geometry": {
        "type": "Point",
        "coordinates": [
          2.763582,
          50.271221
        ]
      },
      "properties": {
        "nom": "Mercatel",
        "type": "SP",
        "SAT": "SAT3",
        "acces": "",
        "appareil": "189 37",
        "description": ""
      }
    },
    {
      "type": "Feature",
      "geometry": {
        "type": "Point",
        "coordinates": [
          2.763932,
          50.268985
        ]
      },
      "properties": {
        "nom": "Mercatel",
        "type": "SP",
        "SAT": "SAT3",
        "acces": "",
        "appareil": "189 24",
        "description": ""
      }
    },
    {
      "type": "Feature",
      "geometry": {
        "type": "Point",
        "coordinates": [
          2.763637,
          50.272563
        ]
      },
      "properties": {
        "nom": "Mercatel",
        "type": "SP",
        "SAT": "SAT3",
        "acces": "",
        "appareil": "190 02",
        "description": ""
      }
    },
    {
      "type": "Feature",
      "geometry": {
        "type": "Point",
        "coordinates": [
          2.765119,
          50.251221
        ]
      },
      "properties": {
        "nom": "Mercatel",
        "type": "SP",
        "SAT": "SAT2",
        "acces": "",
        "appareil": "I39",
        "description": ""
      }
    },
    {
      "type": "Feature",
      "geometry": {
        "type": "Point",
        "coordinates": [
          2.76513,
          50.25131
        ]
      },
      "properties": {
        "nom": "Mercatel",
        "type": "SP",
        "SAT": "SAT2",
        "acces": "",
        "appareil": "I41",
        "description": ""
      }
    },
    {
      "type": "Feature",
      "geometry": {
        "type": "Point",
        "coordinates": [
          2.7664,
          50.24233
        ]
      },
      "properties": {
        "nom": "Mercatel",
        "type": "SP",
        "SAT": "SAT1",
        "acces": "",
        "appareil": "I38",
        "description": ""
      }
    },
    {
      "type": "Feature",
      "geometry": {
        "type": "Point",
        "coordinates": [
          2.7664,
          50.24225
        ]
      },
      "properties": {
        "nom": "Mercatel",
        "type": "SP",
        "SAT": "SAT1",
        "acces": "",
        "appareil": "I40",
        "description": ""
      }
    },
    {
      "type": "Feature",
      "geometry": {
        "type": "Point",
        "coordinates": [
          3.645701,
          50.250747
        ]
      },
      "properties": {
        "nom": "Le Quesnoy",
        "type": "SSP",
        "SAT": "",
        "acces": "",
        "appareil": "IL1",
        "description": ""
      }
    },
    {
      "type": "Feature",
      "geometry": {
        "type": "Point",
        "coordinates": [
          3.645664,
          50.250767
        ]
      },
      "properties": {
        "nom": "Le Quesnoy",
        "type": "SSP",
        "SAT": "",
        "acces": "",
        "appareil": "IMP",
        "description": ""
      }
    },
    {
      "type": "Feature",
      "geometry": {
        "type": "Point",
        "coordinates": [
          3.645631,
          50.250777
        ]
      },
      "properties": {
        "nom": "Le Quesnoy",
        "type": "SSP",
        "SAT": "",
        "acces": "",
        "appareil": "IL2",
        "description": ""
      }
    },
    {
      "type": "Feature",
      "geometry": {
        "type": "Point",
        "coordinates": [
          3.6456,
          50.25076
        ]
      },
      "properties": {
        "nom": "Le Quesnoy",
        "type": "SSP",
        "SAT": "",
        "acces": "",
        "appareil": "TT4",
        "description": "PA"
      }
    },
    {
      "type": "Feature",
      "geometry": {
        "type": "Point",
        "coordinates": [
          3.64567,
          50.25073
        ]
      },
      "properties": {
        "nom": "Le Quesnoy",
        "type": "SSP",
        "SAT": "",
        "acces": "",
        "appareil": "TT7",
        "description": "PA"
      }
    },
    {
      "type": "Feature",
      "geometry": {
        "type": "Point",
        "coordinates": [
          3.20361,
          50.2192
        ]
      },
      "properties": {
        "nom": "Blecourt",
        "type": "S",
        "SAT": "",
        "acces": "",
        "appareil": "SM1",
        "description": ""
      }
    },
    {
      "type": "Feature",
      "geometry": {
        "type": "Point",
        "coordinates": [
          3.20364,
          50.21923
        ]
      },
      "properties": {
        "nom": "Blecourt",
        "type": "S",
        "SAT": "",
        "acces": "",
        "appareil": "TSA",
        "description": ""
      }
    },
    {
      "type": "Feature",
      "geometry": {
        "type": "Point",
        "coordinates": [
          3.20384,
          50.21949
        ]
      },
      "properties": {
        "nom": "Blecourt",
        "type": "S",
        "SAT": "",
        "acces": "",
        "appareil": "TT42",
        "description": ""
      }
    },
    {
      "type": "Feature",
      "geometry": {
        "type": "Point",
        "coordinates": [
          3.20347,
          50.21901
        ]
      },
      "properties": {
        "nom": "Blecourt",
        "type": "S",
        "SAT": "",
        "acces": "",
        "appareil": "IP1",
        "description": ""
      }
    },
    {
      "type": "Feature",
      "geometry": {
        "type": "Point",
        "coordinates": [
          3.2032,
          50.2187
        ]
      },
      "properties": {
        "nom": "Blecourt",
        "type": "S",
        "SAT": "",
        "acces": "",
        "appareil": "TT5",
        "description": ""
      }
    },
    {
      "type": "Feature",
      "geometry": {
        "type": "Point",
        "coordinates": [
          3.26275,
          50.61744
        ]
      },
      "properties": {
        "nom": "Baisieux",
        "type": "SSP",
        "SAT": "",
        "acces": "",
        "appareil": "TT5236",
        "description": ""
      }
    },
    {
      "type": "Feature",
      "geometry": {
        "type": "Point",
        "coordinates": [
          3.26334,
          50.61751
        ]
      },
      "properties": {
        "nom": "Baisieux",
        "type": "SSP",
        "SAT": "",
        "acces": "",
        "appareil": "TT5235",
        "description": ""
      }
    },
    {
      "type": "Feature",
      "geometry": {
        "type": "Point",
        "coordinates": [
          3.2634,
          50.61751
        ]
      },
      "properties": {
        "nom": "Baisieux",
        "type": "SSP",
        "SAT": "",
        "acces": "",
        "appareil": "TT B",
        "description": "➡️ PA sur TTB (TT Sel 5241)"
      }
    },
    {
      "type": "Feature",
      "geometry": {
        "type": "Point",
        "coordinates": [
          3.26325,
          50.61741
        ]
      },
      "properties": {
        "nom": "Baisieux",
        "type": "SSP",
        "SAT": "",
        "acces": "",
        "appareil": "TSA",
        "description": ""
      }
    },
    {
      "type": "Feature",
      "geometry": {
        "type": "Point",
        "coordinates": [
          3.26332,
          50.61741
        ]
      },
      "properties": {
        "nom": "Baisieux",
        "type": "SSP",
        "SAT": "",
        "acces": "",
        "appareil": "IMP Fives",
        "description": ""
      }
    },
    {
      "type": "Feature",
      "geometry": {
        "type": "Point",
        "coordinates": [
          3.26339,
          50.61741
        ]
      },
      "properties": {
        "nom": "Baisieux",
        "type": "SSP",
        "SAT": "",
        "acces": "",
        "appareil": "IL1",
        "description": ""
      }
    },
    {
      "type": "Feature",
      "geometry": {
        "type": "Point",
        "coordinates": [
          3.26339,
          50.61741
        ]
      },
      "properties": {
        "nom": "Baisieux",
        "type": "SSP",
        "SAT": "",
        "acces": "",
        "appareil": "TC1",
        "description": "Rapport de transformation 1250/5"
      }
    },
    {
      "type": "Feature",
      "geometry": {
        "type": "Point",
        "coordinates": [
          3.26345,
          50.6174
        ]
      },
      "properties": {
        "nom": "Baisieux",
        "type": "SSP",
        "SAT": "",
        "acces": "",
        "appareil": "IMP Froyen",
        "description": ""
      }
    },
    {
      "type": "Feature",
      "geometry": {
        "type": "Point",
        "coordinates": [
          3.26351,
          50.6174
        ]
      },
      "properties": {
        "nom": "Baisieux",
        "type": "SSP",
        "SAT": "",
        "acces": "",
        "appareil": "TT A",
        "description": "➡️ PA sur TTA (TT Sel 5242)"
      }
    },
    {
      "type": "Feature",
      "geometry": {
        "type": "Point",
        "coordinates": [
          3.26358,
          50.61741
        ]
      },
      "properties": {
        "nom": "Baisieux",
        "type": "SSP",
        "SAT": "",
        "acces": "",
        "appareil": "IL2",
        "description": ""
      }
    },
    {
      "type": "Feature",
      "geometry": {
        "type": "Point",
        "coordinates": [
          3.26358,
          50.61741
        ]
      },
      "properties": {
        "nom": "Baisieux",
        "type": "SSP",
        "SAT": "",
        "acces": "",
        "appareil": "TC2",
        "description": "Rapport de transformation 1250/5"
      }
    },
    {
      "type": "Feature",
      "geometry": {
        "type": "Point",
        "coordinates": [
          2.780158,
          50.127977
        ]
      },
      "properties": {
        "nom": "Achiet",
        "type": "SST",
        "SAT": "SAT1",
        "acces": "",
        "appareil": "I22",
        "description": ""
      }
    },
    {
      "type": "Feature",
      "geometry": {
        "type": "Point",
        "coordinates": [
          2.40834,
          50.8312
        ]
      },
      "properties": {
        "nom": "Arneke",
        "type": "SSP",
        "SAT": "",
        "acces": "",
        "appareil": "IMP",
        "description": ""
      }
    },
    {
      "type": "Feature",
      "geometry": {
        "type": "Point",
        "coordinates": [
          2.40835,
          50.83123
        ]
      },
      "properties": {
        "nom": "Arneke",
        "type": "SSP",
        "SAT": "",
        "acces": "",
        "appareil": "IL1",
        "description": ""
      }
    },
    {
      "type": "Feature",
      "geometry": {
        "type": "Point",
        "coordinates": [
          2.40835,
          50.83126
        ]
      },
      "properties": {
        "nom": "Arneke",
        "type": "SSP",
        "SAT": "",
        "acces": "",
        "appareil": "IL2",
        "description": ""
      }
    },
    {
      "type": "Feature",
      "geometry": {
        "type": "Point",
        "coordinates": [
          2.40831,
          50.83126
        ]
      },
      "properties": {
        "nom": "Arneke",
        "type": "SSP",
        "SAT": "",
        "acces": "",
        "appareil": "TT2",
        "description": ""
      }
    },
    {
      "type": "Feature",
      "geometry": {
        "type": "Point",
        "coordinates": [
          2.4083,
          50.83121
        ]
      },
      "properties": {
        "nom": "Arneke",
        "type": "SSP",
        "SAT": "",
        "acces": "",
        "appareil": "TT1",
        "description": ""
      }
    },
    {
      "type": "Feature",
      "geometry": {
        "type": "Point",
        "coordinates": [
          2.47945,
          50.56109
        ]
      },
      "properties": {
        "nom": "Lillers",
        "type": "SSP",
        "SAT": "",
        "acces": "",
        "appareil": "IL1",
        "description": ""
      }
    },
    {
      "type": "Feature",
      "geometry": {
        "type": "Point",
        "coordinates": [
          2.47942,
          50.56111
        ]
      },
      "properties": {
        "nom": "Lillers",
        "type": "SSP",
        "SAT": "",
        "acces": "",
        "appareil": "IL2",
        "description": ""
      }
    },
    {
      "type": "Feature",
      "geometry": {
        "type": "Point",
        "coordinates": [
          2.4794,
          50.56114
        ]
      },
      "properties": {
        "nom": "Lillers",
        "type": "SSP",
        "SAT": "",
        "acces": "",
        "appareil": "IMP",
        "description": ""
      }
    },
    {
      "type": "Feature",
      "geometry": {
        "type": "Point",
        "coordinates": [
          2.47935,
          50.56112
        ]
      },
      "properties": {
        "nom": "Lillers",
        "type": "SSP",
        "SAT": "",
        "acces": "",
        "appareil": "TT8",
        "description": ""
      }
    },
    {
      "type": "Feature",
      "geometry": {
        "type": "Point",
        "coordinates": [
          2.47939,
          50.56108
        ]
      },
      "properties": {
        "nom": "Lillers",
        "type": "SSP",
        "SAT": "",
        "acces": "",
        "appareil": "TT19",
        "description": ""
      }
    },
    {
      "type": "Feature",
      "geometry": {
        "type": "Point",
        "coordinates": [
          4.07666,
          50.2917
        ]
      },
      "properties": {
        "nom": "Jeumont",
        "type": "SSPA",
        "SAT": "",
        "acces": "",
        "appareil": "IL2",
        "description": ""
      }
    },
    {
      "type": "Feature",
      "geometry": {
        "type": "Point",
        "coordinates": [
          4.0767,
          50.29172
        ]
      },
      "properties": {
        "nom": "Jeumont",
        "type": "SSPA",
        "SAT": "",
        "acces": "",
        "appareil": "IL1",
        "description": ""
      }
    },
    {
      "type": "Feature",
      "geometry": {
        "type": "Point",
        "coordinates": [
          4.07673,
          50.29174
        ]
      },
      "properties": {
        "nom": "Jeumont",
        "type": "SSPA",
        "SAT": "",
        "acces": "",
        "appareil": "IA25",
        "description": ""
      }
    },
    {
      "type": "Feature",
      "geometry": {
        "type": "Point",
        "coordinates": [
          4.07673,
          50.29174
        ]
      },
      "properties": {
        "nom": "Jeumont",
        "type": "SSPA",
        "SAT": "",
        "acces": "",
        "appareil": "TTIA25",
        "description": ""
      }
    },
    {
      "type": "Feature",
      "geometry": {
        "type": "Point",
        "coordinates": [
          4.07673,
          50.29174
        ]
      },
      "properties": {
        "nom": "Jeumont",
        "type": "SSPA",
        "SAT": "",
        "acces": "",
        "appareil": "TCIA25",
        "description": ""
      }
    },
    {
      "type": "Feature",
      "geometry": {
        "type": "Point",
        "coordinates": [
          2.36433,
          49.75491
        ]
      },
      "properties": {
        "nom": "Ailly sur Noye",
        "type": "SSP",
        "SAT": "",
        "acces": "",
        "appareil": "IL2",
        "description": ""
      }
    },
    {
      "type": "Feature",
      "geometry": {
        "type": "Point",
        "coordinates": [
          2.36433,
          49.75491
        ]
      },
      "properties": {
        "nom": "Ailly sur Noye",
        "type": "SSP",
        "SAT": "",
        "acces": "",
        "appareil": "TT4",
        "description": "TT avec grillage"
      }
    },
    {
      "type": "Feature",
      "geometry": {
        "type": "Point",
        "coordinates": [
          2.36433,
          49.75491
        ]
      },
      "properties": {
        "nom": "Ailly sur Noye",
        "type": "SSP",
        "SAT": "",
        "acces": "",
        "appareil": "TT2",
        "description": "TT avec grillage"
      }
    },
    {
      "type": "Feature",
      "geometry": {
        "type": "Point",
        "coordinates": [
          2.362686,
          49.752355
        ]
      },
      "properties": {
        "nom": "Ailly sur Noye",
        "type": "SSP",
        "SAT": "",
        "acces": "",
        "appareil": "TT3",
        "description": "TT avec grillage"
      }
    },
    {
      "type": "Feature",
      "geometry": {
        "type": "Point",
        "coordinates": [
          2.362686,
          49.752355
        ]
      },
      "properties": {
        "nom": "Ailly sur Noye",
        "type": "SSP",
        "SAT": "",
        "acces": "",
        "appareil": "IL3",
        "description": "TT avec grillage"
      }
    },
    {
      "type": "Feature",
      "geometry": {
        "type": "Point",
        "coordinates": [
          2.36479,
          49.75571
        ]
      },
      "properties": {
        "nom": "Ailly sur Noye",
        "type": "SSP",
        "SAT": "",
        "acces": "",
        "appareil": "IL1",
        "description": ""
      }
    },
    {
      "type": "Feature",
      "geometry": {
        "type": "Point",
        "coordinates": [
          2.36479,
          49.75571
        ]
      },
      "properties": {
        "nom": "Ailly sur Noye",
        "type": "SSP",
        "SAT": "",
        "acces": "",
        "appareil": "IMP",
        "description": ""
      }
    },
    {
      "type": "Feature",
      "geometry": {
        "type": "Point",
        "coordinates": [
          2.36479,
          49.75571
        ]
      },
      "properties": {
        "nom": "Ailly sur Noye",
        "type": "SSP",
        "SAT": "",
        "acces": "",
        "appareil": "TT1",
        "description": "TT avec grillage"
      }
    },
    {
      "type": "Feature",
      "geometry": {
        "type": "Point",
        "coordinates": [
          2.36479,
          49.75571
        ]
      },
      "properties": {
        "nom": "Ailly sur Noye",
        "type": "SSP",
        "SAT": "",
        "acces": "",
        "appareil": "F/IMP",
        "description": "",
        "hors_patrimoine": true
      }
    },
    {
      "type": "Feature",
      "geometry": {
        "type": "Point",
        "coordinates": [
          2.43503,
          49.51151
        ]
      },
      "properties": {
        "nom": "Saint Just",
        "type": "SSP",
        "SAT": "",
        "acces": "",
        "appareil": "TSA",
        "description": ""
      }
    },
    {
      "type": "Feature",
      "geometry": {
        "type": "Point",
        "coordinates": [
          2.43503,
          49.51151
        ]
      },
      "properties": {
        "nom": "Saint Just",
        "type": "SSP",
        "SAT": "",
        "acces": "",
        "appareil": "S/TSA",
        "description": ""
      }
    },
    {
      "type": "Feature",
      "geometry": {
        "type": "Point",
        "coordinates": [
          2.43501,
          49.51148
        ]
      },
      "properties": {
        "nom": "Saint Just",
        "type": "SSP",
        "SAT": "",
        "acces": "",
        "appareil": "IL2",
        "description": ""
      }
    },
    {
      "type": "Feature",
      "geometry": {
        "type": "Point",
        "coordinates": [
          2.43499,
          49.51144
        ]
      },
      "properties": {
        "nom": "Saint Just",
        "type": "SSP",
        "SAT": "",
        "acces": "",
        "appareil": "IMP",
        "description": ""
      }
    },
    {
      "type": "Feature",
      "geometry": {
        "type": "Point",
        "coordinates": [
          2.43499,
          49.51144
        ]
      },
      "properties": {
        "nom": "Saint Just",
        "type": "SSP",
        "SAT": "",
        "acces": "",
        "appareil": "B/IMP",
        "description": ""
      }
    },
    {
      "type": "Feature",
      "geometry": {
        "type": "Point",
        "coordinates": [
          2.43498,
          49.51141
        ]
      },
      "properties": {
        "nom": "Saint Just",
        "type": "SSP",
        "SAT": "",
        "acces": "",
        "appareil": "IL1",
        "description": ""
      }
    },
    {
      "type": "Feature",
      "geometry": {
        "type": "Point",
        "coordinates": [
          2.27597,
          50.99317
        ]
      },
      "properties": {
        "nom": "PE4 Pondereux",
        "type": "A",
        "SAT": "",
        "acces": "",
        "appareil": "DA2",
        "description": ""
      }
    },
    {
      "type": "Feature",
      "geometry": {
        "type": "Point",
        "coordinates": [
          2.27597,
          50.99317
        ]
      },
      "properties": {
        "nom": "PE4 Pondereux",
        "type": "A",
        "SAT": "",
        "acces": "",
        "appareil": "TT DA2",
        "description": ""
      }
    },
    {
      "type": "Feature",
      "geometry": {
        "type": "Point",
        "coordinates": [
          2.27597,
          50.99317
        ]
      },
      "properties": {
        "nom": "PE4 Pondereux",
        "type": "A",
        "SAT": "",
        "acces": "",
        "appareil": "TC DA2",
        "description": ""
      }
    },
    {
      "type": "Feature",
      "geometry": {
        "type": "Point",
        "coordinates": [
          2.27596,
          50.99321
        ]
      },
      "properties": {
        "nom": "Puyt Houck",
        "type": "SSPA",
        "SAT": "",
        "acces": "",
        "appareil": "IL2",
        "description": ""
      }
    },
    {
      "type": "Feature",
      "geometry": {
        "type": "Point",
        "coordinates": [
          2.27602,
          50.99321
        ]
      },
      "properties": {
        "nom": "Puyt Houck",
        "type": "SSPA",
        "SAT": "",
        "acces": "",
        "appareil": "SIA2",
        "description": ""
      }
    },
    {
      "type": "Feature",
      "geometry": {
        "type": "Point",
        "coordinates": [
          2.27609,
          50.99321
        ]
      },
      "properties": {
        "nom": "Puyt Houck",
        "type": "SSPA",
        "SAT": "",
        "acces": "",
        "appareil": "IL1",
        "description": ""
      }
    },
    {
      "type": "Feature",
      "geometry": {
        "type": "Point",
        "coordinates": [
          2.27609,
          50.99321
        ]
      },
      "properties": {
        "nom": "Puyt Houck",
        "type": "SSPA",
        "SAT": "",
        "acces": "",
        "appareil": "IL3",
        "description": ""
      }
    },
    {
      "type": "Feature",
      "geometry": {
        "type": "Point",
        "coordinates": [
          2.27609,
          50.99321
        ]
      },
      "properties": {
        "nom": "Puyt Houck",
        "type": "SSPA",
        "SAT": "",
        "acces": "",
        "appareil": "TT1 (IL3)",
        "description": ""
      }
    },
    {
      "type": "Feature",
      "geometry": {
        "type": "Point",
        "coordinates": [
          2.27605,
          50.99321
        ]
      },
      "properties": {
        "nom": "Puyt Houck",
        "type": "SSPA",
        "SAT": "",
        "acces": "",
        "appareil": "FS2",
        "description": "Sectionneur manuel"
      }
    },
    {
      "type": "Feature",
      "geometry": {
        "type": "Point",
        "coordinates": [
          2.27605,
          50.99321
        ]
      },
      "properties": {
        "nom": "Puyt Houck",
        "type": "SSPA",
        "SAT": "",
        "acces": "",
        "appareil": "F13",
        "description": "Sectionneur manuel"
      }
    },
    {
      "type": "Feature",
      "geometry": {
        "type": "Point",
        "coordinates": [
          2.27599,
          50.99321
        ]
      },
      "properties": {
        "nom": "Puyt Houck",
        "type": "SSPA",
        "SAT": "",
        "acces": "",
        "appareil": "F24",
        "description": "Sectionneur manuel"
      }
    },
    {
      "type": "Feature",
      "geometry": {
        "type": "Point",
        "coordinates": [
          2.31164,
          51.00215
        ]
      },
      "properties": {
        "nom": "Grande Synthe IA2",
        "type": "A",
        "SAT": "",
        "acces": "",
        "appareil": "IA2",
        "description": ""
      }
    },
    {
      "type": "Feature",
      "geometry": {
        "type": "Point",
        "coordinates": [
          2.31164,
          51.00215
        ]
      },
      "properties": {
        "nom": "Grande Synthe IA2",
        "type": "A",
        "SAT": "",
        "acces": "",
        "appareil": "TT IA2",
        "description": ""
      }
    },
    {
      "type": "Feature",
      "geometry": {
        "type": "Point",
        "coordinates": [
          2.31164,
          51.00215
        ]
      },
      "properties": {
        "nom": "Grande Synthe IA2",
        "type": "A",
        "SAT": "",
        "acces": "",
        "appareil": "TC IA2",
        "description": ""
      }
    },
    {
      "type": "Feature",
      "geometry": {
        "type": "Point",
        "coordinates": [
          2.195,
          50.8442
        ]
      },
      "properties": {
        "nom": "Ruminghem",
        "type": "SST",
        "SAT": "",
        "acces": "",
        "appareil": "P2",
        "description": "Herse LGV"
      }
    },
    {
      "type": "Feature",
      "geometry": {
        "type": "Point",
        "coordinates": [
          2.19482,
          50.84419
        ]
      },
      "properties": {
        "nom": "Ruminghem",
        "type": "SST",
        "SAT": "",
        "acces": "",
        "appareil": "SM1",
        "description": "Herse LGV"
      }
    },
    {
      "type": "Feature",
      "geometry": {
        "type": "Point",
        "coordinates": [
          2.19475,
          50.84419
        ]
      },
      "properties": {
        "nom": "Ruminghem",
        "type": "SST",
        "SAT": "",
        "acces": "",
        "appareil": "SM2",
        "description": "Herse LGV"
      }
    },
    {
      "type": "Feature",
      "geometry": {
        "type": "Point",
        "coordinates": [
          2.19507,
          50.8442
        ]
      },
      "properties": {
        "nom": "Ruminghem",
        "type": "SST",
        "SAT": "",
        "acces": "",
        "appareil": "T4",
        "description": "Herse LGV",
        "hors_patrimoine": true
      }
    },
    {
      "type": "Feature",
      "geometry": {
        "type": "Point",
        "coordinates": [
          2.19507,
          50.8442
        ]
      },
      "properties": {
        "nom": "Ruminghem",
        "type": "SST",
        "SAT": "",
        "acces": "",
        "appareil": "TT C4",
        "description": "Herse LGV"
      }
    },
    {
      "type": "Feature",
      "geometry": {
        "type": "Point",
        "coordinates": [
          2.19507,
          50.8442
        ]
      },
      "properties": {
        "nom": "Ruminghem",
        "type": "SST",
        "SAT": "",
        "acces": "",
        "appareil": "TT F4",
        "description": "Herse LGV"
      }
    },
    {
      "type": "Feature",
      "geometry": {
        "type": "Point",
        "coordinates": [
          2.1951,
          50.84421
        ]
      },
      "properties": {
        "nom": "Ruminghem",
        "type": "SST",
        "SAT": "",
        "acces": "",
        "appareil": "ST",
        "description": "Herse LGV"
      }
    },
    {
      "type": "Feature",
      "geometry": {
        "type": "Point",
        "coordinates": [
          2.19513,
          50.84421
        ]
      },
      "properties": {
        "nom": "Ruminghem",
        "type": "SST",
        "SAT": "",
        "acces": "",
        "appareil": "T3",
        "description": "Herse LGV",
        "hors_patrimoine": true
      }
    },
    {
      "type": "Feature",
      "geometry": {
        "type": "Point",
        "coordinates": [
          2.19513,
          50.84421
        ]
      },
      "properties": {
        "nom": "Ruminghem",
        "type": "SST",
        "SAT": "",
        "acces": "",
        "appareil": "TT C3",
        "description": "Herse LGV"
      }
    },
    {
      "type": "Feature",
      "geometry": {
        "type": "Point",
        "coordinates": [
          2.19513,
          50.84421
        ]
      },
      "properties": {
        "nom": "Ruminghem",
        "type": "SST",
        "SAT": "",
        "acces": "",
        "appareil": "TT F3",
        "description": "Herse LGV"
      }
    },
    {
      "type": "Feature",
      "geometry": {
        "type": "Point",
        "coordinates": [
          2.19519,
          50.84422
        ]
      },
      "properties": {
        "nom": "Ruminghem",
        "type": "SST",
        "SAT": "",
        "acces": "",
        "appareil": "613 MR",
        "description": "Herse LGV"
      }
    },
    {
      "type": "Feature",
      "geometry": {
        "type": "Point",
        "coordinates": [
          2.19523,
          50.84422
        ]
      },
      "properties": {
        "nom": "Ruminghem",
        "type": "SST",
        "SAT": "",
        "acces": "",
        "appareil": "P1",
        "description": "Herse LGV"
      }
    },
    {
      "type": "Feature",
      "geometry": {
        "type": "Point",
        "coordinates": [
          2.19526,
          50.84422
        ]
      },
      "properties": {
        "nom": "Ruminghem",
        "type": "SST",
        "SAT": "",
        "acces": "",
        "appareil": "T1",
        "description": "Herse LGV",
        "hors_patrimoine": true
      }
    },
    {
      "type": "Feature",
      "geometry": {
        "type": "Point",
        "coordinates": [
          2.19526,
          50.84422
        ]
      },
      "properties": {
        "nom": "Ruminghem",
        "type": "SST",
        "SAT": "",
        "acces": "",
        "appareil": "TT F1",
        "description": "Herse LGV"
      }
    },
    {
      "type": "Feature",
      "geometry": {
        "type": "Point",
        "coordinates": [
          2.19526,
          50.84422
        ]
      },
      "properties": {
        "nom": "Ruminghem",
        "type": "SST",
        "SAT": "",
        "acces": "",
        "appareil": "TT C1",
        "description": "Herse LGV"
      }
    },
    {
      "type": "Feature",
      "geometry": {
        "type": "Point",
        "coordinates": [
          2.19529,
          50.84422
        ]
      },
      "properties": {
        "nom": "Ruminghem",
        "type": "SST",
        "SAT": "",
        "acces": "",
        "appareil": "SP",
        "description": "Herse LGV"
      }
    },
    {
      "type": "Feature",
      "geometry": {
        "type": "Point",
        "coordinates": [
          2.19533,
          50.84422
        ]
      },
      "properties": {
        "nom": "Ruminghem",
        "type": "SST",
        "SAT": "",
        "acces": "",
        "appareil": "T2",
        "description": "Herse LGV",
        "hors_patrimoine": true
      }
    },
    {
      "type": "Feature",
      "geometry": {
        "type": "Point",
        "coordinates": [
          2.19533,
          50.84422
        ]
      },
      "properties": {
        "nom": "Ruminghem",
        "type": "SST",
        "SAT": "",
        "acces": "",
        "appareil": "TT C2",
        "description": "Herse LGV"
      }
    },
    {
      "type": "Feature",
      "geometry": {
        "type": "Point",
        "coordinates": [
          2.19533,
          50.84422
        ]
      },
      "properties": {
        "nom": "Ruminghem",
        "type": "SST",
        "SAT": "",
        "acces": "",
        "appareil": "TT F2",
        "description": "Herse LGV"
      }
    },
    {
      "type": "Feature",
      "geometry": {
        "type": "Point",
        "coordinates": [
          2.19357,
          50.8445
        ]
      },
      "properties": {
        "nom": "Ruminghem",
        "type": "SST",
        "SAT": "",
        "acces": "",
        "appareil": "T5",
        "description": "Herse LC",
        "hors_patrimoine": true
      }
    },
    {
      "type": "Feature",
      "geometry": {
        "type": "Point",
        "coordinates": [
          2.19357,
          50.8445
        ]
      },
      "properties": {
        "nom": "Ruminghem",
        "type": "SST",
        "SAT": "",
        "acces": "",
        "appareil": "TT F5",
        "description": "Herse LC"
      }
    },
    {
      "type": "Feature",
      "geometry": {
        "type": "Point",
        "coordinates": [
          2.19357,
          50.8445
        ]
      },
      "properties": {
        "nom": "Ruminghem",
        "type": "SST",
        "SAT": "",
        "acces": "",
        "appareil": "TT C5",
        "description": "Herse LC"
      }
    },
    {
      "type": "Feature",
      "geometry": {
        "type": "Point",
        "coordinates": [
          2.19349,
          50.84457
        ]
      },
      "properties": {
        "nom": "Ruminghem",
        "type": "SST",
        "SAT": "",
        "acces": "",
        "appareil": "T6",
        "description": "Herse LC",
        "hors_patrimoine": true
      }
    },
    {
      "type": "Feature",
      "geometry": {
        "type": "Point",
        "coordinates": [
          2.19349,
          50.84457
        ]
      },
      "properties": {
        "nom": "Ruminghem",
        "type": "SST",
        "SAT": "",
        "acces": "",
        "appareil": "TT C6",
        "description": "Herse LC"
      }
    },
    {
      "type": "Feature",
      "geometry": {
        "type": "Point",
        "coordinates": [
          2.19349,
          50.84457
        ]
      },
      "properties": {
        "nom": "Ruminghem",
        "type": "SST",
        "SAT": "",
        "acces": "",
        "appareil": "TT F6",
        "description": "Herse LC"
      }
    },
    {
      "type": "Feature",
      "geometry": {
        "type": "Point",
        "coordinates": [
          2.19345,
          50.84461
        ]
      },
      "properties": {
        "nom": "Ruminghem",
        "type": "SST",
        "SAT": "",
        "acces": "",
        "appareil": "T8",
        "description": "Herse LC",
        "hors_patrimoine": true
      }
    },
    {
      "type": "Feature",
      "geometry": {
        "type": "Point",
        "coordinates": [
          2.19345,
          50.84461
        ]
      },
      "properties": {
        "nom": "Ruminghem",
        "type": "SST",
        "SAT": "",
        "acces": "",
        "appareil": "TT F8",
        "description": "Herse LC"
      }
    },
    {
      "type": "Feature",
      "geometry": {
        "type": "Point",
        "coordinates": [
          2.19345,
          50.84461
        ]
      },
      "properties": {
        "nom": "Ruminghem",
        "type": "SST",
        "SAT": "",
        "acces": "",
        "appareil": "TT C8",
        "description": "Herse LC"
      }
    },
    {
      "type": "Feature",
      "geometry": {
        "type": "Point",
        "coordinates": [
          2.19347,
          50.84459
        ]
      },
      "properties": {
        "nom": "Ruminghem",
        "type": "SST",
        "SAT": "",
        "acces": "",
        "appareil": "P4",
        "description": "Herse LC"
      }
    },
    {
      "type": "Feature",
      "geometry": {
        "type": "Point",
        "coordinates": [
          2.19347,
          50.84459
        ]
      },
      "properties": {
        "nom": "Ruminghem",
        "type": "SST",
        "SAT": "",
        "acces": "",
        "appareil": "SM4",
        "description": "Herse LC"
      }
    },
    {
      "type": "Feature",
      "geometry": {
        "type": "Point",
        "coordinates": [
          2.1934,
          50.84464
        ]
      },
      "properties": {
        "nom": "Ruminghem",
        "type": "SST",
        "SAT": "",
        "acces": "",
        "appareil": "T7",
        "description": "Herse LC",
        "hors_patrimoine": true
      }
    },
    {
      "type": "Feature",
      "geometry": {
        "type": "Point",
        "coordinates": [
          2.1934,
          50.84464
        ]
      },
      "properties": {
        "nom": "Ruminghem",
        "type": "SST",
        "SAT": "",
        "acces": "",
        "appareil": "TT C7",
        "description": "Herse LC"
      }
    },
    {
      "type": "Feature",
      "geometry": {
        "type": "Point",
        "coordinates": [
          2.1934,
          50.84464
        ]
      },
      "properties": {
        "nom": "Ruminghem",
        "type": "SST",
        "SAT": "",
        "acces": "",
        "appareil": "TT F7",
        "description": "Herse LC"
      }
    },
    {
      "type": "Feature",
      "geometry": {
        "type": "Point",
        "coordinates": [
          2.19337,
          50.84467
        ]
      },
      "properties": {
        "nom": "Ruminghem",
        "type": "SST",
        "SAT": "",
        "acces": "",
        "appareil": "SM3",
        "description": "Herse LC"
      }
    },
    {
      "type": "Feature",
      "geometry": {
        "type": "Point",
        "coordinates": [
          2.19333,
          50.8447
        ]
      },
      "properties": {
        "nom": "Ruminghem",
        "type": "SST",
        "SAT": "",
        "acces": "",
        "appareil": "P3",
        "description": "Herse LC"
      }
    },
    {
      "type": "Feature",
      "geometry": {
        "type": "Point",
        "coordinates": [
          2.19546,
          50.84462
        ]
      },
      "properties": {
        "nom": "Ruminghem",
        "type": "SST",
        "SAT": "",
        "acces": "",
        "appareil": "GT1",
        "description": ""
      }
    },
    {
      "type": "Feature",
      "geometry": {
        "type": "Point",
        "coordinates": [
          2.19525,
          50.84462
        ]
      },
      "properties": {
        "nom": "Ruminghem",
        "type": "SST",
        "SAT": "",
        "acces": "",
        "appareil": "GT2",
        "description": ""
      }
    },
    {
      "type": "Feature",
      "geometry": {
        "type": "Point",
        "coordinates": [
          2.89634,
          50.64564
        ]
      },
      "properties": {
        "nom": "Flamengrie",
        "type": "SST",
        "SAT": "",
        "acces": "",
        "appareil": "GT2",
        "description": "GEC ALSTHOM <br> Année de fabrication 1992 <br> N°224968-14 <br> Masse totale : 123000kg <br> Masses d'huile : 28000kg <br> Refroidissement ONAN <br> Rebobiné en 2012<br> Respirant <br> Cartouches"
      }
    },
    {
      "type": "Feature",
      "geometry": {
        "type": "Point",
        "coordinates": [
          2.8965,
          50.64555
        ]
      },
      "properties": {
        "nom": "Flamengrie",
        "type": "SST",
        "SAT": "",
        "acces": "",
        "appareil": "GT1",
        "description": "AREVA - Type TE 9848 A <br> Année de fabrication 2009 <br> N°3247PG153 08 <br> Masse totale : 122000kg <br> Masses d'huile : 38500kg <br> Refroidissement ONAN <br> Respirant <br> Cartouches"
      }
    },
    {
      "type": "Feature",
      "geometry": {
        "type": "Point",
        "coordinates": [
          2.89851,
          50.64568
        ]
      },
      "properties": {
        "nom": "Flamengrie",
        "type": "SST",
        "appareil": "T5",
        "description": "",
        "hors_patrimoine": true
      }
    },
    {
      "type": "Feature",
      "geometry": {
        "type": "Point",
        "coordinates": [
          2.89856,
          50.64574
        ]
      },
      "properties": {
        "nom": "Flamengrie",
        "type": "SST",
        "appareil": "SPLT3",
        "description": ""
      }
    },
    {
      "type": "Feature",
      "geometry": {
        "type": "Point",
        "coordinates": [
          2.89856,
          50.64574
        ]
      },
      "properties": {
        "nom": "Flamengrie",
        "type": "SST",
        "appareil": "TT5 C",
        "description": ""
      }
    },
    {
      "type": "Feature",
      "geometry": {
        "type": "Point",
        "coordinates": [
          2.89856,
          50.64574
        ]
      },
      "properties": {
        "nom": "Flamengrie",
        "type": "SST",
        "appareil": "TT5 F",
        "description": ""
      }
    },
    {
      "type": "Feature",
      "geometry": {
        "type": "Point",
        "coordinates": [
          2.8985,
          50.64576
        ]
      },
      "properties": {
        "nom": "Flamengrie",
        "type": "SST",
        "appareil": "TC D",
        "description": ""
      }
    },
    {
      "type": "Feature",
      "geometry": {
        "type": "Point",
        "coordinates": [
          2.89846,
          50.64577
        ]
      },
      "properties": {
        "nom": "Flamengrie",
        "type": "SST",
        "appareil": "P1",
        "description": ""
      }
    },
    {
      "type": "Feature",
      "geometry": {
        "type": "Point",
        "coordinates": [
          2.89846,
          50.64577
        ]
      },
      "properties": {
        "nom": "Flamengrie",
        "type": "SST",
        "appareil": "573 MR",
        "description": ""
      }
    },
    {
      "type": "Feature",
      "geometry": {
        "type": "Point",
        "coordinates": [
          2.89843,
          50.64578
        ]
      },
      "properties": {
        "nom": "Flamengrie",
        "type": "SST",
        "appareil": "T1",
        "description": "",
        "hors_patrimoine": true
      }
    },
    {
      "type": "Feature",
      "geometry": {
        "type": "Point",
        "coordinates": [
          2.89843,
          50.64578
        ]
      },
      "properties": {
        "nom": "Flamengrie",
        "type": "SST",
        "appareil": "TT1 F",
        "description": ""
      }
    },
    {
      "type": "Feature",
      "geometry": {
        "type": "Point",
        "coordinates": [
          2.89843,
          50.64578
        ]
      },
      "properties": {
        "nom": "Flamengrie",
        "type": "SST",
        "appareil": "TT1 C",
        "description": ""
      }
    },
    {
      "type": "Feature",
      "geometry": {
        "type": "Point",
        "coordinates": [
          2.89841,
          50.64578
        ]
      },
      "properties": {
        "nom": "Flamengrie",
        "type": "SST",
        "appareil": "SP",
        "description": ""
      }
    },
    {
      "type": "Feature",
      "geometry": {
        "type": "Point",
        "coordinates": [
          2.89838,
          50.64579
        ]
      },
      "properties": {
        "nom": "Flamengrie",
        "type": "SST",
        "appareil": "T2",
        "description": "",
        "hors_patrimoine": true
      }
    },
    {
      "type": "Feature",
      "geometry": {
        "type": "Point",
        "coordinates": [
          2.89838,
          50.64579
        ]
      },
      "properties": {
        "nom": "Flamengrie",
        "type": "SST",
        "appareil": "TT2 C",
        "description": ""
      }
    },
    {
      "type": "Feature",
      "geometry": {
        "type": "Point",
        "coordinates": [
          2.89838,
          50.64579
        ]
      },
      "properties": {
        "nom": "Flamengrie",
        "type": "SST",
        "appareil": "TT2 F",
        "description": ""
      }
    },
    {
      "type": "Feature",
      "geometry": {
        "type": "Point",
        "coordinates": [
          2.8983,
          50.64581
        ]
      },
      "properties": {
        "nom": "Flamengrie",
        "type": "SST",
        "appareil": "SM2",
        "description": ""
      }
    },
    {
      "type": "Feature",
      "geometry": {
        "type": "Point",
        "coordinates": [
          2.8983,
          50.64581
        ]
      },
      "properties": {
        "nom": "Flamengrie",
        "type": "SST",
        "appareil": "P2",
        "description": ""
      }
    },
    {
      "type": "Feature",
      "geometry": {
        "type": "Point",
        "coordinates": [
          2.89826,
          50.64582
        ]
      },
      "properties": {
        "nom": "Flamengrie",
        "type": "SST",
        "appareil": "T4",
        "description": "",
        "hors_patrimoine": true
      }
    },
    {
      "type": "Feature",
      "geometry": {
        "type": "Point",
        "coordinates": [
          2.89826,
          50.64582
        ]
      },
      "properties": {
        "nom": "Flamengrie",
        "type": "SST",
        "appareil": "TT4 C",
        "description": ""
      }
    },
    {
      "type": "Feature",
      "geometry": {
        "type": "Point",
        "coordinates": [
          2.89826,
          50.64582
        ]
      },
      "properties": {
        "nom": "Flamengrie",
        "type": "SST",
        "appareil": "TT4 F",
        "description": ""
      }
    },
    {
      "type": "Feature",
      "geometry": {
        "type": "Point",
        "coordinates": [
          2.89823,
          50.64583
        ]
      },
      "properties": {
        "nom": "Flamengrie",
        "type": "SST",
        "appareil": "ST",
        "description": ""
      }
    },
    {
      "type": "Feature",
      "geometry": {
        "type": "Point",
        "coordinates": [
          2.89819,
          50.64584
        ]
      },
      "properties": {
        "nom": "Flamengrie",
        "type": "SST",
        "appareil": "T3",
        "description": "",
        "hors_patrimoine": true
      }
    },
    {
      "type": "Feature",
      "geometry": {
        "type": "Point",
        "coordinates": [
          2.89819,
          50.64584
        ]
      },
      "properties": {
        "nom": "Flamengrie",
        "type": "SST",
        "appareil": "TT3 C",
        "description": ""
      }
    },
    {
      "type": "Feature",
      "geometry": {
        "type": "Point",
        "coordinates": [
          2.89819,
          50.64584
        ]
      },
      "properties": {
        "nom": "Flamengrie",
        "type": "SST",
        "appareil": "TT3 F",
        "description": ""
      }
    },
    {
      "type": "Feature",
      "geometry": {
        "type": "Point",
        "coordinates": [
          2.89807,
          50.64586
        ]
      },
      "properties": {
        "nom": "Flamengrie",
        "type": "SST",
        "appareil": "SM1",
        "description": ""
      }
    },
    {
      "type": "Feature",
      "geometry": {
        "type": "Point",
        "coordinates": [
          2.82325,
          50.42872
        ]
      },
      "properties": {
        "nom": "Bollaert",
        "type": "SSP",
        "appareil": "IL3",
        "description": ""
      }
    },
    {
      "type": "Feature",
      "geometry": {
        "type": "Point",
        "coordinates": [
          2.82317,
          50.42874
        ]
      },
      "properties": {
        "nom": "Bollaert",
        "type": "SSP",
        "appareil": "TT25",
        "description": ""
      }
    },
    {
      "type": "Feature",
      "geometry": {
        "type": "Point",
        "coordinates": [
          2.82314,
          50.42875
        ]
      },
      "properties": {
        "nom": "Bollaert",
        "type": "SSP",
        "appareil": "IL5",
        "description": ""
      }
    },
    {
      "type": "Feature",
      "geometry": {
        "type": "Point",
        "coordinates": [
          2.82309,
          50.42877
        ]
      },
      "properties": {
        "nom": "Bollaert",
        "type": "SSP",
        "appareil": "IL1",
        "description": ""
      }
    },
    {
      "type": "Feature",
      "geometry": {
        "type": "Point",
        "coordinates": [
          2.82302,
          50.42879
        ]
      },
      "properties": {
        "nom": "Bollaert",
        "type": "SSP",
        "appareil": "I23",
        "description": ""
      }
    },
    {
      "type": "Feature",
      "geometry": {
        "type": "Point",
        "coordinates": [
          2.82296,
          50.42881
        ]
      },
      "properties": {
        "nom": "Bollaert",
        "type": "SSP",
        "appareil": "IMP",
        "description": ""
      }
    },
    {
      "type": "Feature",
      "geometry": {
        "type": "Point",
        "coordinates": [
          2.82296,
          50.42881
        ]
      },
      "properties": {
        "nom": "Bollaert",
        "type": "SSP",
        "appareil": "TT1",
        "description": ""
      }
    },
    {
      "type": "Feature",
      "geometry": {
        "type": "Point",
        "coordinates": [
          2.82296,
          50.42881
        ]
      },
      "properties": {
        "nom": "Bollaert",
        "type": "SSP",
        "appareil": "TT2",
        "description": ""
      }
    },
    {
      "type": "Feature",
      "geometry": {
        "type": "Point",
        "coordinates": [
          2.8229,
          50.42883
        ]
      },
      "properties": {
        "nom": "Bollaert",
        "type": "SSP",
        "appareil": "IL6",
        "description": ""
      }
    },
    {
      "type": "Feature",
      "geometry": {
        "type": "Point",
        "coordinates": [
          2.82284,
          50.42885
        ]
      },
      "properties": {
        "nom": "Bollaert",
        "type": "SSP",
        "appareil": "IL4",
        "description": ""
      }
    },
    {
      "type": "Feature",
      "geometry": {
        "type": "Point",
        "coordinates": [
          2.8228,
          50.42886
        ]
      },
      "properties": {
        "nom": "Bollaert",
        "type": "SSP",
        "appareil": "TT28",
        "description": ""
      }
    },
    {
      "type": "Feature",
      "geometry": {
        "type": "Point",
        "coordinates": [
          2.82276,
          50.42887
        ]
      },
      "properties": {
        "nom": "Bollaert",
        "type": "SSP",
        "appareil": "IL2",
        "description": ""
      }
    },
    {
      "type": "Feature",
      "geometry": {
        "type": "Point",
        "coordinates": [
          2.82269,
          50.42889
        ]
      },
      "properties": {
        "nom": "Bollaert",
        "type": "SSP",
        "appareil": "TRA",
        "description": "",
        "hors_patrimoine": true
      }
    },
    {
      "type": "Feature",
      "geometry": {
        "type": "Point",
        "coordinates": [
          2.82269,
          50.42889
        ]
      },
      "properties": {
        "nom": "Bollaert",
        "type": "SSP",
        "acces": "",
        "appareil": "211-40C",
        "description": "Sectionneur manuel",
        "hors_patrimoine": true
      }
    },
    {
      "type": "Feature",
      "geometry": {
        "type": "Point",
        "coordinates": [
          2.31658,
          49.88948
        ]
      },
      "properties": {
        "nom": "Amiens",
        "type": "SSPA",
        "SAT": "SAT",
        "acces": "",
        "appareil": "130.12",
        "description": "Accès à pied au bout du quai de la voie 1"
      }
    },
    {
      "type": "Feature",
      "geometry": {
        "type": "Point",
        "coordinates": [
          2.31518,
          49.889682
        ]
      },
      "properties": {
        "nom": "Amiens",
        "type": "SSPA",
        "SAT": "SAT",
        "acces": "",
        "appareil": "130.8A",
        "description": "⚠️ Risque ferroviaire travail avec annonce - Accès par le bout du quai de la voie 1"
      }
    },
    {
      "type": "Feature",
      "geometry": {
        "type": "Point",
        "coordinates": [
          2.31289,
          49.88971
        ]
      },
      "properties": {
        "nom": "Amiens",
        "type": "SSPA",
        "SAT": "",
        "acces": "",
        "appareil": "IL1",
        "description": ""
      }
    },
    {
      "type": "Feature",
      "geometry": {
        "type": "Point",
        "coordinates": [
          2.31289,
          49.88971
        ]
      },
      "properties": {
        "nom": "Amiens",
        "type": "SSPA",
        "SAT": "",
        "acces": "",
        "appareil": "TT39",
        "description": ""
      }
    },
    {
      "type": "Feature",
      "geometry": {
        "type": "Point",
        "coordinates": [
          2.31289,
          49.88971
        ]
      },
      "properties": {
        "nom": "Amiens",
        "type": "SSPA",
        "SAT": "",
        "acces": "",
        "appareil": "B/IL1",
        "description": ""
      }
    },
    {
      "type": "Feature",
      "geometry": {
        "type": "Point",
        "coordinates": [
          2.31284,
          49.88971
        ]
      },
      "properties": {
        "nom": "Amiens",
        "type": "SSPA",
        "SAT": "",
        "acces": "",
        "appareil": "IL4",
        "description": ""
      }
    },
    {
      "type": "Feature",
      "geometry": {
        "type": "Point",
        "coordinates": [
          2.31284,
          49.88971
        ]
      },
      "properties": {
        "nom": "Amiens",
        "type": "SSPA",
        "SAT": "",
        "acces": "",
        "appareil": "B/IL4",
        "description": ""
      }
    },
    {
      "type": "Feature",
      "geometry": {
        "type": "Point",
        "coordinates": [
          2.31277,
          49.88971
        ]
      },
      "properties": {
        "nom": "Amiens",
        "type": "SSPA",
        "SAT": "",
        "acces": "",
        "appareil": "IA2",
        "description": ""
      }
    },
    {
      "type": "Feature",
      "geometry": {
        "type": "Point",
        "coordinates": [
          2.31277,
          49.88971
        ]
      },
      "properties": {
        "nom": "Amiens",
        "type": "SSPA",
        "SAT": "",
        "acces": "",
        "appareil": "TC IA2",
        "description": ""
      }
    },
    {
      "type": "Feature",
      "geometry": {
        "type": "Point",
        "coordinates": [
          2.31277,
          49.88971
        ]
      },
      "properties": {
        "nom": "Amiens",
        "type": "SSPA",
        "SAT": "",
        "acces": "",
        "appareil": "TT IA2",
        "description": ""
      }
    },
    {
      "type": "Feature",
      "geometry": {
        "type": "Point",
        "coordinates": [
          2.3127,
          49.88972
        ]
      },
      "properties": {
        "nom": "Amiens",
        "type": "SSPA",
        "SAT": "",
        "acces": "",
        "appareil": "IL2",
        "description": ""
      }
    },
    {
      "type": "Feature",
      "geometry": {
        "type": "Point",
        "coordinates": [
          2.3127,
          49.88972
        ]
      },
      "properties": {
        "nom": "Amiens",
        "type": "SSPA",
        "SAT": "",
        "acces": "",
        "appareil": "TT 40",
        "description": ""
      }
    },
    {
      "type": "Feature",
      "geometry": {
        "type": "Point",
        "coordinates": [
          2.3127,
          49.88972
        ]
      },
      "properties": {
        "nom": "Amiens",
        "type": "SSPA",
        "SAT": "",
        "acces": "",
        "appareil": "B/IL2",
        "description": ""
      }
    },
    {
      "type": "Feature",
      "geometry": {
        "type": "Point",
        "coordinates": [
          2.31264,
          49.88972
        ]
      },
      "properties": {
        "nom": "Amiens",
        "type": "SSPA",
        "SAT": "",
        "acces": "",
        "appareil": "IL3",
        "description": ""
      }
    },
    {
      "type": "Feature",
      "geometry": {
        "type": "Point",
        "coordinates": [
          2.31264,
          49.88972
        ]
      },
      "properties": {
        "nom": "Amiens",
        "type": "SSPA",
        "SAT": "",
        "acces": "",
        "appareil": "B/IL3",
        "description": ""
      }
    },
    {
      "type": "Feature",
      "geometry": {
        "type": "Point",
        "coordinates": [
          2.66044,
          50.04046
        ]
      },
      "properties": {
        "nom": "Aveluy",
        "type": "SP",
        "SAT": "SAT",
        "acces": "",
        "appareil": "SM1",
        "description": ""
      }
    },
    {
      "type": "Feature",
      "geometry": {
        "type": "Point",
        "coordinates": [
          2.66046,
          50.04049
        ]
      },
      "properties": {
        "nom": "Aveluy",
        "type": "SP",
        "SAT": "SAT",
        "acces": "",
        "appareil": "SM2",
        "description": ""
      }
    },
    {
      "type": "Feature",
      "geometry": {
        "type": "Point",
        "coordinates": [
          2.66271,
          50.04582
        ]
      },
      "properties": {
        "nom": "Aveluy",
        "type": "SP",
        "appareil": "TT22",
        "description": ""
      }
    },
    {
      "type": "Feature",
      "geometry": {
        "type": "Point",
        "coordinates": [
          2.66271,
          50.04582
        ]
      },
      "properties": {
        "nom": "Aveluy",
        "type": "SP",
        "appareil": "TT25",
        "description": ""
      }
    },
    {
      "type": "Feature",
      "geometry": {
        "type": "Point",
        "coordinates": [
          2.66269,
          50.04578
        ]
      },
      "properties": {
        "nom": "Aveluy",
        "type": "SP",
        "appareil": "TT15",
        "description": ""
      }
    },
    {
      "type": "Feature",
      "geometry": {
        "type": "Point",
        "coordinates": [
          2.66269,
          50.04578
        ]
      },
      "properties": {
        "nom": "Aveluy",
        "type": "SP",
        "appareil": "TT12",
        "description": ""
      }
    },
    {
      "type": "Feature",
      "geometry": {
        "type": "Point",
        "coordinates": [
          2.66275,
          50.04572
        ]
      },
      "properties": {
        "nom": "Aveluy",
        "type": "SP",
        "appareil": "IMP Longueau",
        "description": ""
      }
    },
    {
      "type": "Feature",
      "geometry": {
        "type": "Point",
        "coordinates": [
          2.66275,
          50.04572
        ]
      },
      "properties": {
        "nom": "Aveluy",
        "type": "SP",
        "appareil": "B/IMP Lamotte",
        "description": ""
      }
    },
    {
      "type": "Feature",
      "geometry": {
        "type": "Point",
        "coordinates": [
          2.66277,
          50.04576
        ]
      },
      "properties": {
        "nom": "Aveluy",
        "type": "SP",
        "appareil": "IP1",
        "description": ""
      }
    },
    {
      "type": "Feature",
      "geometry": {
        "type": "Point",
        "coordinates": [
          2.66277,
          50.04576
        ]
      },
      "properties": {
        "nom": "Aveluy",
        "type": "SP",
        "appareil": "B/IP1",
        "description": ""
      }
    },
    {
      "type": "Feature",
      "geometry": {
        "type": "Point",
        "coordinates": [
          2.66279,
          50.04579
        ]
      },
      "properties": {
        "nom": "Aveluy",
        "type": "SP",
        "appareil": "IMP Achiet",
        "description": ""
      }
    },
    {
      "type": "Feature",
      "geometry": {
        "type": "Point",
        "coordinates": [
          2.66279,
          50.04579
        ]
      },
      "properties": {
        "nom": "Aveluy",
        "type": "SP",
        "appareil": "B/IMP Achiet",
        "description": ""
      }
    },
    {
      "type": "Feature",
      "geometry": {
        "type": "Point",
        "coordinates": [
          2.66281,
          50.04583
        ]
      },
      "properties": {
        "nom": "Aveluy",
        "type": "SP",
        "appareil": "IP2",
        "description": ""
      }
    },
    {
      "type": "Feature",
      "geometry": {
        "type": "Point",
        "coordinates": [
          2.66281,
          50.04583
        ]
      },
      "properties": {
        "nom": "Aveluy",
        "type": "SP",
        "appareil": "B/IP2",
        "description": ""
      }
    },
    {
      "type": "Feature",
      "geometry": {
        "type": "Point",
        "coordinates": [
          2.66275,
          50.04585
        ]
      },
      "properties": {
        "nom": "Aveluy",
        "type": "SP",
        "appareil": "TSA",
        "description": ""
      }
    },
    {
      "type": "Feature",
      "geometry": {
        "type": "Point",
        "coordinates": [
          2.66275,
          50.04585
        ]
      },
      "properties": {
        "nom": "Aveluy",
        "type": "SP",
        "appareil": "S/TSA",
        "description": ""
      }
    },
    {
      "type": "Feature",
      "geometry": {
        "type": "Point",
        "coordinates": [
          2.8773,
          50.29821
        ]
      },
      "properties": {
        "nom": "Fampoux",
        "type": "S",
        "SAT": "SAT I16",
        "appareil": "I16",
        "description": ""
      }
    },
    {
      "type": "Feature",
      "geometry": {
        "type": "Point",
        "coordinates": [
          2.86816,
          50.29511
        ]
      },
      "properties": {
        "nom": "Fampoux",
        "type": "S",
        "SAT": "SAT I21",
        "appareil": "I21",
        "description": ""
      }
    },
    {
      "type": "Feature",
      "geometry": {
        "type": "Point",
        "coordinates": [
          1.72813,
          50.80572
        ]
      },
      "properties": {
        "nom": "Marquise",
        "type": "SSP",
        "SAT": "",
        "appareil": "IL1",
        "description": ""
      }
    },
    {
      "type": "Feature",
      "geometry": {
        "type": "Point",
        "coordinates": [
          1.72813,
          50.80572
        ]
      },
      "properties": {
        "nom": "Marquise",
        "type": "SSP",
        "SAT": "",
        "appareil": "IL3",
        "description": ""
      }
    },
    {
      "type": "Feature",
      "geometry": {
        "type": "Point",
        "coordinates": [
          1.72813,
          50.80572
        ]
      },
      "properties": {
        "nom": "Marquise",
        "type": "SSP",
        "appareil": "T1",
        "description": "",
        "hors_patrimoine": true
      }
    },
    {
      "type": "Feature",
      "geometry": {
        "type": "Point",
        "coordinates": [
          1.7282,
          50.80571
        ]
      },
      "properties": {
        "nom": "Marquise",
        "type": "SSP",
        "appareil": "T3",
        "description": "",
        "hors_patrimoine": true
      }
    },
    {
      "type": "Feature",
      "geometry": {
        "type": "Point",
        "coordinates": [
          1.7282,
          50.80571
        ]
      },
      "properties": {
        "nom": "Marquise",
        "type": "SSP",
        "appareil": "T4",
        "description": "",
        "hors_patrimoine": true
      }
    },
    {
      "type": "Feature",
      "geometry": {
        "type": "Point",
        "coordinates": [
          1.72826,
          50.80571
        ]
      },
      "properties": {
        "nom": "Marquise",
        "type": "SSP",
        "appareil": "IL2",
        "description": ""
      }
    },
    {
      "type": "Feature",
      "geometry": {
        "type": "Point",
        "coordinates": [
          1.72826,
          50.80571
        ]
      },
      "properties": {
        "nom": "Marquise",
        "type": "SSP",
        "appareil": "IL4",
        "description": ""
      }
    },
    {
      "type": "Feature",
      "geometry": {
        "type": "Point",
        "coordinates": [
          1.97688,
          50.81883
        ]
      },
      "properties": {
        "nom": "Yeuse",
        "type": "P",
        "appareil": "TT626",
        "description": ""
      }
    },
    {
      "type": "Feature",
      "geometry": {
        "type": "Point",
        "coordinates": [
          1.97688,
          50.81883
        ]
      },
      "properties": {
        "nom": "Yeuse",
        "type": "P",
        "appareil": "T2",
        "description": "",
        "hors_patrimoine": true
      }
    },
    {
      "type": "Feature",
      "geometry": {
        "type": "Point",
        "coordinates": [
          1.97699,
          50.81883
        ]
      },
      "properties": {
        "nom": "Yeuse",
        "type": "P",
        "appareil": "TT627",
        "description": ""
      }
    },
    {
      "type": "Feature",
      "geometry": {
        "type": "Point",
        "coordinates": [
          1.97699,
          50.81883
        ]
      },
      "properties": {
        "nom": "Yeuse",
        "type": "P",
        "appareil": "T1",
        "description": "",
        "hors_patrimoine": true
      }
    },
    {
      "type": "Feature",
      "geometry": {
        "type": "Point",
        "coordinates": [
          1.97685,
          50.8189
        ]
      },
      "properties": {
        "nom": "Yeuse",
        "type": "P",
        "appareil": "AT1",
        "description": ""
      }
    },
    {
      "type": "Feature",
      "geometry": {
        "type": "Point",
        "coordinates": [
          1.97704,
          50.8189
        ]
      },
      "properties": {
        "nom": "Yeuse",
        "type": "P",
        "appareil": "AT2",
        "description": ""
      }
    },
    {
      "type": "Feature",
      "geometry": {
        "type": "Point",
        "coordinates": [
          1.9769,
          50.8189
        ]
      },
      "properties": {
        "nom": "Yeuse",
        "type": "P",
        "appareil": "IMP1",
        "description": ""
      }
    },
    {
      "type": "Feature",
      "geometry": {
        "type": "Point",
        "coordinates": [
          1.9769,
          50.8189
        ]
      },
      "properties": {
        "nom": "Yeuse",
        "type": "P",
        "appareil": "SAT1",
        "description": ""
      }
    },
    {
      "type": "Feature",
      "geometry": {
        "type": "Point",
        "coordinates": [
          1.97697,
          50.8189
        ]
      },
      "properties": {
        "nom": "Yeuse",
        "type": "P",
        "appareil": "SAT2",
        "description": ""
      }
    },
    {
      "type": "Feature",
      "geometry": {
        "type": "Point",
        "coordinates": [
          1.97697,
          50.8189
        ]
      },
      "properties": {
        "nom": "Yeuse",
        "type": "P",
        "appareil": "IMP2",
        "description": ""
      }
    },
    {
      "type": "Feature",
      "geometry": {
        "type": "Point",
        "coordinates": [
          1.97694,
          50.8189
        ]
      },
      "properties": {
        "nom": "Yeuse",
        "type": "P",
        "appareil": "TSA",
        "description": ""
      }
    },
    {
      "type": "Feature",
      "geometry": {
        "type": "Point",
        "coordinates": [
          3.44295,
          49.98815
        ]
      },
      "properties": {
        "nom": "Bohain",
        "type": "type?",
        "appareil": "174-22M",
        "description": "",
        "hors_patrimoine": true
      }
    },
    {
      "type": "Feature",
      "geometry": {
        "type": "Point",
        "coordinates": [
          2.82737,
          50.29489
        ]
      },
      "properties": {
        "nom": "Blangy Est",
        "type": "L",
        "appareil": "I19",
        "description": ""
      }
    },
    {
      "type": "Feature",
      "geometry": {
        "type": "Point",
        "coordinates": [
          2.8273,
          50.29489
        ]
      },
      "properties": {
        "nom": "Blangy Est",
        "type": "L",
        "appareil": "I15",
        "description": ""
      }
    },
    {
      "type": "Feature",
      "geometry": {
        "type": "Point",
        "coordinates": [
          2.82723,
          50.29489
        ]
      },
      "properties": {
        "nom": "Blangy Est",
        "type": "L",
        "appareil": "I14",
        "description": ""
      }
    },
    {
      "type": "Feature",
      "geometry": {
        "type": "Point",
        "coordinates": [
          2.82717,
          50.29489
        ]
      },
      "properties": {
        "nom": "Blangy Est",
        "type": "L",
        "appareil": "I17",
        "description": ""
      }
    },
    {
      "type": "Feature",
      "geometry": {
        "type": "Point",
        "coordinates": [
          3.15933,
          50.27049
        ]
      },
      "properties": {
        "nom": "Aubigny Au Bac",
        "type": "L",
        "appareil": "I42",
        "description": ""
      }
    },
    {
      "type": "Feature",
      "geometry": {
        "type": "Point",
        "coordinates": [
          2.81325,
          50.43225
        ]
      },
      "properties": {
        "nom": "Bollaert",
        "type": "SSP",
        "acces": "",
        "appareil": "212-17",
        "description": "Sectionneur manuel à ouvrir pour consignation du I23 de Bollaert",
        "hors_patrimoine": true
      }
    },
    {
      "type": "Feature",
      "geometry": {
        "type": "Point",
        "coordinates": [
          3.08778,
          50.61107
        ]
      },
      "properties": {
        "nom": "Ronchin",
        "type": "P",
        "appareil": "IL1",
        "description": ""
      }
    },
    {
      "type": "Feature",
      "geometry": {
        "type": "Point",
        "coordinates": [
          3.08778,
          50.61107
        ]
      },
      "properties": {
        "nom": "Ronchin",
        "type": "P",
        "appareil": "TT5261",
        "description": ""
      }
    },
    {
      "type": "Feature",
      "geometry": {
        "type": "Point",
        "coordinates": [
          3.08778,
          50.61107
        ]
      },
      "properties": {
        "nom": "Ronchin",
        "type": "P",
        "appareil": "F5261",
        "description": "",
        "hors_patrimoine": true
      }
    },
    {
      "type": "Feature",
      "geometry": {
        "type": "Point",
        "coordinates": [
          3.08782,
          50.61111
        ]
      },
      "properties": {
        "nom": "Ronchin",
        "type": "P",
        "appareil": "IL2",
        "description": ""
      }
    },
    {
      "type": "Feature",
      "geometry": {
        "type": "Point",
        "coordinates": [
          3.08782,
          50.61111
        ]
      },
      "properties": {
        "nom": "Ronchin",
        "type": "P",
        "appareil": "TT5268",
        "description": ""
      }
    },
    {
      "type": "Feature",
      "geometry": {
        "type": "Point",
        "coordinates": [
          3.08782,
          50.61111
        ]
      },
      "properties": {
        "nom": "Ronchin",
        "type": "P",
        "appareil": "F5268",
        "description": "",
        "hors_patrimoine": true
      }
    },
    {
      "type": "Feature",
      "geometry": {
        "type": "Point",
        "coordinates": [
          3.08788,
          50.61118
        ]
      },
      "properties": {
        "nom": "Ronchin",
        "type": "P",
        "appareil": "TSA",
        "description": ""
      }
    },
    {
      "type": "Feature",
      "geometry": {
        "type": "Point",
        "coordinates": [
          3.08788,
          50.61118
        ]
      },
      "properties": {
        "nom": "Ronchin",
        "type": "P",
        "appareil": "T/TSA",
        "description": "",
        "hors_patrimoine": true
      }
    },
    {
      "type": "Feature",
      "geometry": {
        "type": "Point",
        "coordinates": [
          2.8316,
          50.42506
        ]
      },
      "properties": {
        "nom": "Lens",
        "acces": "sectionneur",
        "type": "",
        "appareil": "210-55A",
        "description": "Sectionneur manuel pour consignation de Bollaert SSP",
        "hors_patrimoine": true
      }
    },
    {
      "type": "Feature",
      "geometry": {
        "type": "Point",
        "coordinates": [
          2.8326,
          50.42478
        ]
      },
      "properties": {
        "nom": "Lens",
        "acces": "sectionneur",
        "type": "",
        "appareil": "210-50",
        "description": "Sectionneur manuel pour consignation de Bollaert SSP",
        "hors_patrimoine": true
      }
    },
    {
      "type": "Feature",
      "geometry": {
        "type": "Point",
        "coordinates": [
          3.08391,
          50.35681
        ]
      },
      "properties": {
        "nom": "Saint Eloi",
        "type": "SSP",
        "appareil": "TT 36534",
        "description": ""
      }
    },
    {
      "type": "Feature",
      "geometry": {
        "type": "Point",
        "coordinates": [
          3.08386,
          50.35679
        ]
      },
      "properties": {
        "nom": "Saint Eloi",
        "type": "SSP",
        "appareil": "TT 36521",
        "description": ""
      }
    },
    {
      "type": "Feature",
      "geometry": {
        "type": "Point",
        "coordinates": [
          3.08381,
          50.35677
        ]
      },
      "properties": {
        "nom": "Saint Eloi",
        "type": "SSP",
        "appareil": "TT Feeder A",
        "description": ""
      }
    },
    {
      "type": "Feature",
      "geometry": {
        "type": "Point",
        "coordinates": [
          3.08375,
          50.35676
        ]
      },
      "properties": {
        "nom": "Saint Eloi",
        "type": "SSP",
        "appareil": "IP1",
        "description": ""
      }
    },
    {
      "type": "Feature",
      "geometry": {
        "type": "Point",
        "coordinates": [
          3.0837,
          50.35674
        ]
      },
      "properties": {
        "nom": "Saint Eloi",
        "type": "SSP",
        "appareil": "IP2",
        "description": ""
      }
    },
    {
      "type": "Feature",
      "geometry": {
        "type": "Point",
        "coordinates": [
          3.08366,
          50.35672
        ]
      },
      "properties": {
        "nom": "Saint Eloi",
        "type": "SSP",
        "appareil": "IS5",
        "description": ""
      }
    },
    {
      "type": "Feature",
      "geometry": {
        "type": "Point",
        "coordinates": [
          3.0836,
          50.35669
        ]
      },
      "properties": {
        "nom": "Saint Eloi",
        "type": "SSP",
        "appareil": "IS6",
        "description": ""
      }
    },
    {
      "type": "Feature",
      "geometry": {
        "type": "Point",
        "coordinates": [
          3.08355,
          50.35667
        ]
      },
      "properties": {
        "nom": "Saint Eloi",
        "type": "SSP",
        "appareil": "I36542",
        "description": ""
      }
    },
    {
      "type": "Feature",
      "geometry": {
        "type": "Point",
        "coordinates": [
          3.08355,
          50.35667
        ]
      },
      "properties": {
        "nom": "Saint Eloi",
        "type": "SSP",
        "appareil": "I36540",
        "description": ""
      }
    },
    {
      "type": "Feature",
      "geometry": {
        "type": "Point",
        "coordinates": [
          3.08348,
          50.35665
        ]
      },
      "properties": {
        "nom": "Saint Eloi",
        "type": "SSP",
        "appareil": "I36536",
        "description": ""
      }
    },
    {
      "type": "Feature",
      "geometry": {
        "type": "Point",
        "coordinates": [
          3.08348,
          50.35665
        ]
      },
      "properties": {
        "nom": "Saint Eloi",
        "type": "SSP",
        "appareil": "TT6",
        "description": ""
      }
    },
    {
      "type": "Feature",
      "geometry": {
        "type": "Point",
        "coordinates": [
          3.08343,
          50.35662
        ]
      },
      "properties": {
        "nom": "Saint Eloi",
        "type": "SSP",
        "appareil": "TT5",
        "description": ""
      }
    },
    {
      "type": "Feature",
      "geometry": {
        "type": "Point",
        "coordinates": [
          3.17715,
          50.71796
        ]
      },
      "properties": {
        "nom": "Tourcoing Gare",
        "type": "L-A",
        "appareil": "DU n°1",
        "description": ""
      }
    },
    {
      "type": "Feature",
      "geometry": {
        "type": "Point",
        "coordinates": [
          3.17775,
          50.71792
        ]
      },
      "properties": {
        "nom": "Tourcoing Gare",
        "type": "L-A",
        "appareil": "S IA1",
        "description": ""
      }
    },
    {
      "type": "Feature",
      "geometry": {
        "type": "Point",
        "coordinates": [
          3.17762,
          50.71794
        ]
      },
      "properties": {
        "nom": "Tourcoing Gare",
        "type": "L-A",
        "appareil": "IA1",
        "description": ""
      }
    },
    {
      "type": "Feature",
      "geometry": {
        "type": "Point",
        "coordinates": [
          3.17762,
          50.71794
        ]
      },
      "properties": {
        "nom": "Tourcoing Gare",
        "type": "L-A",
        "appareil": "TC IA1",
        "description": ""
      }
    },
    {
      "type": "Feature",
      "geometry": {
        "type": "Point",
        "coordinates": [
          3.17752,
          50.71795
        ]
      },
      "properties": {
        "nom": "Tourcoing Gare",
        "type": "L-A",
        "appareil": "TT IA1",
        "description": ""
      }
    },
    {
      "type": "Feature",
      "geometry": {
        "type": "Point",
        "coordinates": [
          3.17842,
          50.71858
        ]
      },
      "properties": {
        "nom": "Tourcoing Gare",
        "type": "L-A",
        "appareil": "DU n°2",
        "description": ""
      }
    },
    {
      "type": "Feature",
      "geometry": {
        "type": "Point",
        "coordinates": [
          3.179229,
          50.718418
        ]
      },
      "properties": {
        "nom": "Tourcoing Gare",
        "type": "L-A",
        "appareil": "DU n°3",
        "description": ""
      }
    },
    {
      "type": "Feature",
      "geometry": {
        "type": "Point",
        "coordinates": [
          3.18157,
          50.71844
        ]
      },
      "properties": {
        "nom": "Tourcoing Gare",
        "type": "L-A",
        "appareil": "DU n°4",
        "description": ""
      }
    },
    {
      "type": "Feature",
      "geometry": {
        "type": "Point",
        "coordinates": [
          3.1852,
          50.71868
        ]
      },
      "properties": {
        "nom": "Tourcoing Gare",
        "type": "L-A",
        "appareil": "DU n°6",
        "description": ""
      }
    },
    {
      "type": "Feature",
      "geometry": {
        "type": "Point",
        "coordinates": [
          3.1874,
          50.71888
        ]
      },
      "properties": {
        "nom": "Tourcoing Gare",
        "type": "L-A",
        "appareil": "DU n°7",
        "description": ""
      }
    },
    {
      "type": "Feature",
      "geometry": {
        "type": "Point",
        "coordinates": [
          3.181574,
          50.718593
        ]
      },
      "properties": {
        "nom": "Tourcoing Gare",
        "type": "L-A",
        "appareil": "DU n°5",
        "description": ""
      }
    },
    {
      "type": "Feature",
      "geometry": {
        "type": "Point",
        "coordinates": [
          3.177798,
          50.718543
        ]
      },
      "properties": {
        "nom": "Tourcoing Gare",
        "type": "L-A",
        "appareil": "I1423",
        "description": ""
      }
    },
    {
      "type": "Feature",
      "geometry": {
        "type": "Point",
        "coordinates": [
          3.177798,
          50.718543
        ]
      },
      "properties": {
        "nom": "Tourcoing Gare",
        "type": "L-A",
        "appareil": "I1422",
        "description": ""
      }
    },
    {
      "type": "Feature",
      "geometry": {
        "type": "Point",
        "coordinates": [
          3.177741,
          50.718519
        ]
      },
      "properties": {
        "nom": "Tourcoing Gare",
        "type": "L-A",
        "appareil": "I1421",
        "description": ""
      }
    },
    {
      "type": "Feature",
      "geometry": {
        "type": "Point",
        "coordinates": [
          1.848161,
          50.854404
        ]
      },
      "properties": {
        "nom": "Guines",
        "type": "SP",
        "appareil": "P1",
        "description": ""
      }
    },
    {
      "type": "Feature",
      "geometry": {
        "type": "Point",
        "coordinates": [
          1.84811,
          50.854432
        ]
      },
      "properties": {
        "nom": "Guines",
        "type": "SP",
        "appareil": "TT631",
        "description": ""
      }
    },
    {
      "type": "Feature",
      "geometry": {
        "type": "Point",
        "coordinates": [
          1.84811,
          50.854432
        ]
      },
      "properties": {
        "nom": "Guines",
        "type": "SP",
        "appareil": "T1",
        "description": "",
        "hors_patrimoine": true
      }
    },
    {
      "type": "Feature",
      "geometry": {
        "type": "Point",
        "coordinates": [
          1.848063,
          50.854455
        ]
      },
      "properties": {
        "nom": "Guines",
        "type": "SP",
        "appareil": "T2",
        "description": "",
        "hors_patrimoine": true
      }
    },
    {
      "type": "Feature",
      "geometry": {
        "type": "Point",
        "coordinates": [
          1.848063,
          50.854455
        ]
      },
      "properties": {
        "nom": "Guines",
        "type": "SP",
        "appareil": "TT 628",
        "description": ""
      }
    },
    {
      "type": "Feature",
      "geometry": {
        "type": "Point",
        "coordinates": [
          1.848018,
          50.854471
        ]
      },
      "properties": {
        "nom": "Guines",
        "type": "SP",
        "appareil": "SM2",
        "description": ""
      }
    },
    {
      "type": "Feature",
      "geometry": {
        "type": "Point",
        "coordinates": [
          1.847929,
          50.854502
        ]
      },
      "properties": {
        "nom": "Guines",
        "type": "SP",
        "appareil": "TT 7102",
        "description": ""
      }
    },
    {
      "type": "Feature",
      "geometry": {
        "type": "Point",
        "coordinates": [
          1.847929,
          50.854502
        ]
      },
      "properties": {
        "nom": "Guines",
        "type": "SP",
        "appareil": "T4",
        "description": "",
        "hors_patrimoine": true
      }
    },
    {
      "type": "Feature",
      "geometry": {
        "type": "Point",
        "coordinates": [
          1.847878,
          50.854529
        ]
      },
      "properties": {
        "nom": "Guines",
        "type": "SP",
        "appareil": "T3",
        "description": "",
        "hors_patrimoine": true
      }
    },
    {
      "type": "Feature",
      "geometry": {
        "type": "Point",
        "coordinates": [
          1.847878,
          50.854529
        ]
      },
      "properties": {
        "nom": "Guines",
        "type": "SP",
        "appareil": "TT 7105",
        "description": ""
      }
    },
    {
      "type": "Feature",
      "geometry": {
        "type": "Point",
        "coordinates": [
          1.847781,
          50.854583
        ]
      },
      "properties": {
        "nom": "Guines",
        "type": "SP",
        "appareil": "SM1",
        "description": ""
      }
    },
    {
      "type": "Feature",
      "geometry": {
        "type": "Point",
        "coordinates": [
          2.64623,
          50.51905
        ]
      },
      "properties": {
        "nom": "Bethune SUD",
        "type": "SS",
        "appareil": "IL1",
        "description": ""
      }
    },
    {
      "type": "Feature",
      "geometry": {
        "type": "Point",
        "coordinates": [
          2.64623,
          50.51905
        ]
      },
      "properties": {
        "nom": "Bethune SUD",
        "type": "SS",
        "appareil": "TC1",
        "description": ""
      }
    },
    {
      "type": "Feature",
      "geometry": {
        "type": "Point",
        "coordinates": [
          2.64623,
          50.51905
        ]
      },
      "properties": {
        "nom": "Bethune SUD",
        "type": "SS",
        "appareil": "T1",
        "description": "",
        "hors_patrimoine": true
      }
    },
    {
      "type": "Feature",
      "geometry": {
        "type": "Point",
        "coordinates": [
          2.64617,
          50.51907
        ]
      },
      "properties": {
        "nom": "Bethune SUD",
        "type": "SS",
        "appareil": "IL2",
        "description": ""
      }
    },
    {
      "type": "Feature",
      "geometry": {
        "type": "Point",
        "coordinates": [
          2.64617,
          50.51907
        ]
      },
      "properties": {
        "nom": "Bethune SUD",
        "type": "SS",
        "appareil": "TC2",
        "description": ""
      }
    },
    {
      "type": "Feature",
      "geometry": {
        "type": "Point",
        "coordinates": [
          2.64617,
          50.51907
        ]
      },
      "properties": {
        "nom": "Bethune SUD",
        "type": "SS",
        "appareil": "T2",
        "description": "",
        "hors_patrimoine": true
      }
    },
    {
      "type": "Feature",
      "geometry": {
        "type": "Point",
        "coordinates": [
          2.64612,
          50.51909
        ]
      },
      "properties": {
        "nom": "Bethune SUD",
        "type": "SS",
        "appareil": "44",
        "description": ""
      }
    },
    {
      "type": "Feature",
      "geometry": {
        "type": "Point",
        "coordinates": [
          2.64606,
          50.5191
        ]
      },
      "properties": {
        "nom": "Bethune SUD",
        "type": "SS",
        "appareil": "SI 4/46",
        "description": ""
      }
    },
    {
      "type": "Feature",
      "geometry": {
        "type": "Point",
        "coordinates": [
          2.64601,
          50.51912
        ]
      },
      "properties": {
        "nom": "Bethune SUD",
        "type": "SS",
        "appareil": "4",
        "description": ""
      }
    },
    {
      "type": "Feature",
      "geometry": {
        "type": "Point",
        "coordinates": [
          2.644853,
          50.51964
        ]
      },
      "properties": {
        "nom": "Bethune SUD",
        "type": "SS",
        "SAT": "",
        "acces": "",
        "appareil": "229-29b",
        "description": ""
      }
    },
    {
      "type": "Feature",
      "geometry": {
        "type": "Point",
        "coordinates": [
          2.980263,
          50.480166
        ]
      },
      "properties": {
        "nom": "Oignies",
        "type": "PRCI",
        "SAT": "",
        "acces": "",
        "appareil": "I455",
        "description": "Accès par PRCI"
      }
    },
    {
      "type": "Feature",
      "geometry": {
        "type": "Point",
        "coordinates": [
          2.972329,
          50.463358
        ]
      },
      "properties": {
        "nom": "Oignies",
        "type": "PRCI",
        "SAT": "",
        "acces": "I449",
        "appareil": "I449",
        "description": ""
      }
    },
    {
      "type": "Feature",
      "geometry": {
        "type": "Point",
        "coordinates": [
          3.17563,
          50.71793
        ]
      },
      "properties": {
        "nom": "Tourcoing Gare",
        "type": "L-A",
        "appareil": "253",
        "description": "",
        "hors_patrimoine": true
      }
    },
    {
      "type": "Feature",
      "geometry": {
        "type": "Point",
        "coordinates": [
          3.17416,
          50.71782
        ]
      },
      "properties": {
        "nom": "Tourcoing Gare",
        "type": "L-A",
        "appareil": "S5046-253",
        "description": "Sectionneur de secours pour les VS Tourcoing Marchandise",
        "hors_patrimoine": true
      }
    },
    {
      "type": "Feature",
      "geometry": {
        "type": "Point",
        "coordinates": [
          2.78622,
          50.71337
        ]
      },
      "properties": {
        "nom": "Steenwerck",
        "type": "SSP",
        "appareil": "TT2",
        "description": ""
      }
    },
    {
      "type": "Feature",
      "geometry": {
        "type": "Point",
        "coordinates": [
          2.78629,
          50.71334
        ]
      },
      "properties": {
        "nom": "Steenwerck",
        "type": "SSP",
        "appareil": "TT1",
        "description": ""
      }
    },
    {
      "type": "Feature",
      "geometry": {
        "type": "Point",
        "coordinates": [
          2.78623,
          50.71339
        ]
      },
      "properties": {
        "nom": "Steenwerck",
        "type": "SSP",
        "appareil": "TSA",
        "description": ""
      }
    },
    {
      "type": "Feature",
      "geometry": {
        "type": "Point",
        "coordinates": [
          2.78623,
          50.71339
        ]
      },
      "properties": {
        "nom": "Steenwerck",
        "type": "SSP",
        "appareil": "IL2",
        "description": ""
      }
    },
    {
      "type": "Feature",
      "geometry": {
        "type": "Point",
        "coordinates": [
          2.78623,
          50.71339
        ]
      },
      "properties": {
        "nom": "Steenwerck",
        "type": "SSP",
        "appareil": "T2",
        "description": "",
        "hors_patrimoine": true
      }
    },
    {
      "type": "Feature",
      "geometry": {
        "type": "Point",
        "coordinates": [
          2.78627,
          50.71337
        ]
      },
      "properties": {
        "nom": "Steenwerck",
        "type": "SSP",
        "appareil": "T3",
        "description": "",
        "hors_patrimoine": true
      }
    },
    {
      "type": "Feature",
      "geometry": {
        "type": "Point",
        "coordinates": [
          2.78627,
          50.71337
        ]
      },
      "properties": {
        "nom": "Steenwerck",
        "type": "SSP",
        "appareil": "IMP",
        "description": ""
      }
    },
    {
      "type": "Feature",
      "geometry": {
        "type": "Point",
        "coordinates": [
          2.78631,
          50.71336
        ]
      },
      "properties": {
        "nom": "Steenwerck",
        "type": "SSP",
        "appareil": "T1",
        "description": "",
        "hors_patrimoine": true
      }
    },
    {
      "type": "Feature",
      "geometry": {
        "type": "Point",
        "coordinates": [
          2.78631,
          50.71336
        ]
      },
      "properties": {
        "nom": "Steenwerck",
        "type": "SSP",
        "appareil": "IL1",
        "description": ""
      }
    },
    {
      "type": "Feature",
      "geometry": {
        "type": "Point",
        "coordinates": [
          2.83673,
          50.42145
        ]
      },
      "properties": {
        "nom": "Lens",
        "acces": "sectionneur",
        "type": "",
        "appareil": "S12-13",
        "description": "Commande SOULE appartenant au SE",
        "hors_patrimoine": true
      }
    },
    {
      "type": "Feature",
      "geometry": {
        "type": "Point",
        "coordinates": [
          1.80469,
          50.85399
        ]
      },
      "properties": {
        "nom": "Caffiers",
        "type": "L",
        "SAT": "SAT2",
        "appareil": "I5936",
        "description": ""
      }
    },
    {
      "type": "Feature",
      "geometry": {
        "type": "Point",
        "coordinates": [
          1.80463,
          50.85401
        ]
      },
      "properties": {
        "nom": "Caffiers",
        "type": "L",
        "SAT": "SAT2",
        "appareil": "TT5934",
        "description": ""
      }
    },
    {
      "type": "Feature",
      "geometry": {
        "type": "Point",
        "coordinates": [
          1.81124,
          50.85066
        ]
      },
      "properties": {
        "nom": "Caffiers",
        "type": "L",
        "SAT": "SAT1",
        "appareil": "5934",
        "description": ""
      }
    },
    {
      "type": "Feature",
      "geometry": {
        "type": "Point",
        "coordinates": [
          1.81124,
          50.85066
        ]
      },
      "properties": {
        "nom": "Caffiers",
        "type": "L",
        "SAT": "SAT1",
        "appareil": "TT5932",
        "description": ""
      }
    },
    {
      "type": "Feature",
      "geometry": {
        "type": "Point",
        "coordinates": [
          1.81124,
          50.85066
        ]
      },
      "properties": {
        "nom": "Caffiers",
        "type": "L",
        "SAT": "SAT1",
        "appareil": "5942",
        "description": "",
        "hors_patrimoine": true
      }
    },
    {
      "type": "Feature",
      "geometry": {
        "type": "Point",
        "coordinates": [
          3.25737,
          50.57504
        ]
      },
      "properties": {
        "nom": "Wannehain",
        "type": "PRCI",
        "acces": "TT513",
        "appareil": "TT513",
        "description": "TT Sel 513 voie 3"
      }
    },
    {
      "type": "Feature",
      "geometry": {
        "type": "Point",
        "coordinates": [
          3.2554,
          50.57503
        ]
      },
      "properties": {
        "nom": "Wannehain",
        "type": "PRCI",
        "acces": "I510",
        "appareil": "I510",
        "description": "Bipolaire"
      }
    },
    {
      "type": "Feature",
      "geometry": {
        "type": "Point",
        "coordinates": [
          1.6247210230703768,
          50.683726636643975
        ]
      },
      "properties": {
        "nom": "Pont de briques",
        "type": "SST",
        "SAT": "",
        "acces": "",
        "appareil": "T4",
        "description": "",
        "hors_patrimoine": false
      }
    },
    {
      "type": "Feature",
      "geometry": {
        "type": "Point",
        "coordinates": [
          1.624667388973813,
          50.683758011620455
        ]
      },
      "properties": {
        "nom": "Pont de briques",
        "type": "SST",
        "SAT": "",
        "acces": "",
        "appareil": "T3",
        "description": "",
        "hors_patrimoine": false
      }
    },
    {
      "type": "Feature",
      "geometry": {
        "type": "Point",
        "coordinates": [
          1.624667388973813,
          50.683758011620455
        ]
      },
      "properties": {
        "nom": "Pont de briques",
        "type": "SST",
        "SAT": "",
        "acces": "",
        "appareil": "SDA",
        "description": ""
      }
    },
    {
      "type": "Feature",
      "geometry": {
        "type": "Point",
        "coordinates": [
          1.624667388973813,
          50.683758011620455
        ]
      },
      "properties": {
        "nom": "Pont de briques",
        "type": "SST",
        "SAT": "",
        "acces": "",
        "appareil": "TT 5621",
        "description": "S.sr Pont de briques - Dannes V1"
      }
    },
    {
      "type": "Feature",
      "geometry": {
        "type": "Point",
        "coordinates": [
          1.624568508841451,
          50.683805030237494
        ]
      },
      "properties": {
        "nom": "Pont de briques",
        "type": "SST",
        "SAT": "",
        "acces": "",
        "appareil": "SIS",
        "description": ""
      }
    },
    {
      "type": "Feature",
      "geometry": {
        "type": "Point",
        "coordinates": [
          1.624568508841451,
          50.683805030237494
        ]
      },
      "properties": {
        "nom": "Pont de briques",
        "type": "SST",
        "SAT": "",
        "acces": "",
        "appareil": "TT 5733",
        "description": "S.sr Pont de briques - Hauteville V1"
      }
    },
    {
      "type": "Feature",
      "geometry": {
        "type": "Point",
        "coordinates": [
          1.6247210230703768,
          50.683726636643975
        ]
      },
      "properties": {
        "nom": "Pont de briques",
        "type": "SST",
        "SAT": "",
        "acces": "",
        "appareil": "TT 5622",
        "description": "S.sr Pont de briques - Dannes V2"
      }
    },
    {
      "type": "Feature",
      "geometry": {
        "type": "Point",
        "coordinates": [
          1.6246046780514383,
          50.6837768469079
        ]
      },
      "properties": {
        "nom": "Pont de briques",
        "type": "SST",
        "SAT": "",
        "acces": "",
        "appareil": "TT 5732",
        "description": "S.sr Pont de briques - Hauteville V2"
      }
    },
    {
      "type": "Feature",
      "geometry": {
        "type": "Point",
        "coordinates": [
          2.36975,
          51.02845
        ]
      },
      "properties": {
        "nom": "Dunkerque",
        "type": "SSPA",
        "SAT": "",
        "acces": "",
        "appareil": "IL2",
        "description": ""
      }
    },
    {
      "type": "Feature",
      "geometry": {
        "type": "Point",
        "coordinates": [
          2.36974,
          51.02847
        ]
      },
      "properties": {
        "nom": "Dunkerque",
        "type": "SSPA",
        "SAT": "",
        "acces": "",
        "appareil": "IL1",
        "description": ""
      }
    },
    {
      "type": "Feature",
      "geometry": {
        "type": "Point",
        "coordinates": [
          2.36972,
          51.0285
        ]
      },
      "properties": {
        "nom": "Dunkerque",
        "type": "SSPA",
        "SAT": "",
        "acces": "",
        "appareil": "IA1",
        "description": ""
      }
    },
    {
      "type": "Feature",
      "geometry": {
        "type": "Point",
        "coordinates": [
          2.36972,
          51.0285
        ]
      },
      "properties": {
        "nom": "Dunkerque",
        "type": "SSPA",
        "SAT": "",
        "acces": "",
        "appareil": "TT IA1",
        "description": ""
      }
    },
    {
      "type": "Feature",
      "geometry": {
        "type": "Point",
        "coordinates": [
          2.36972,
          51.0285
        ]
      },
      "properties": {
        "nom": "Dunkerque",
        "type": "SSPA",
        "SAT": "",
        "acces": "",
        "appareil": "TC IA1",
        "description": ""
      }
    },
    {
      "type": "Feature",
      "geometry": {
        "type": "Point",
        "coordinates": [
          2.763667,
          50.272306
        ]
      },
      "properties": {
        "nom": "Mercatel",
        "type": "SP",
        "SAT": "SAT3",
        "acces": "",
        "appareil": "S 42-128",
        "description": ""
      }
    },
    {
      "type": "Feature",
      "geometry": {
        "type": "Point",
        "coordinates": [
          2.7754278107627783,
          50.23202325958064
        ]
      },
      "properties": {
        "nom": "Mercatel",
        "type": "SP",
        "SAT": "",
        "acces": "",
        "appareil": "TT40",
        "description": ""
      }
    },
    {
      "type": "Feature",
      "geometry": {
        "type": "Point",
        "coordinates": [
          2.775538,
          50.231975
        ]
      },
      "properties": {
        "nom": "Mercatel",
        "type": "SP",
        "SAT": "",
        "acces": "",
        "appareil": "TSA",
        "description": ""
      }
    },
    {
      "type": "Feature",
      "geometry": {
        "type": "Point",
        "coordinates": [
          2.775600813244978,
          50.231948624136464
        ]
      },
      "properties": {
        "nom": "Mercatel",
        "type": "SP",
        "SAT": "",
        "acces": "",
        "appareil": "SM1",
        "description": ""
      }
    },
    {
      "type": "Feature",
      "geometry": {
        "type": "Point",
        "coordinates": [
          2.775600813244978,
          50.231948624136464
        ]
      },
      "properties": {
        "nom": "Mercatel",
        "type": "SP",
        "SAT": "",
        "acces": "",
        "appareil": "IP1",
        "description": ""
      }
    },
    {
      "type": "Feature",
      "geometry": {
        "type": "Point",
        "coordinates": [
          2.775656,
          50.231929
        ]
      },
      "properties": {
        "nom": "Mercatel",
        "type": "SP",
        "SAT": "",
        "acces": "",
        "appareil": "IMP",
        "description": ""
      }
    },
    {
      "type": "Feature",
      "geometry": {
        "type": "Point",
        "coordinates": [
          2.7757,
          50.231909
        ]
      },
      "properties": {
        "nom": "Mercatel",
        "type": "SP",
        "SAT": "",
        "acces": "",
        "appareil": "SM2",
        "description": ""
      }
    },
    {
      "type": "Feature",
      "geometry": {
        "type": "Point",
        "coordinates": [
          2.775760404681222,
          50.2318808516209
        ]
      },
      "properties": {
        "nom": "Mercatel",
        "type": "SP",
        "SAT": "",
        "acces": "",
        "appareil": "IP2",
        "description": ""
      }
    },
    {
      "type": "Feature",
      "geometry": {
        "type": "Point",
        "coordinates": [
          2.776163,
          50.231703
        ]
      },
      "properties": {
        "nom": "Mercatel",
        "type": "SP",
        "SAT": "",
        "acces": "",
        "appareil": "TT432",
        "description": ""
      }
    },
    {
      "type": "Feature",
      "geometry": {
        "type": "Point",
        "coordinates": [
          2.7760403476854663,
          50.231636786505504
        ]
      },
      "properties": {
        "nom": "Mercatel",
        "type": "SP",
        "SAT": "",
        "acces": "",
        "appareil": "TT431",
        "description": ""
      }
    },
    {
      "type": "Feature",
      "geometry": {
        "type": "Point",
        "coordinates": [
          2.7750992655036555,
          50.23204472273207
        ]
      },
      "properties": {
        "nom": "Mercatel",
        "type": "SP",
        "SAT": "",
        "acces": "",
        "appareil": "TT41",
        "description": ""
      }
    },
    {
      "type": "Feature",
      "geometry": {
        "type": "Point",
        "coordinates": [
          1.811428,
          50.881834
        ]
      },
      "properties": {
        "nom": "Tricat",
        "type": "SP",
        "SAT": "",
        "acces": "",
        "appareil": "IP1",
        "description": "",
        "hors_patrimoine": false
      }
    },
    {
      "type": "Feature",
      "geometry": {
        "type": "Point",
        "coordinates": [
          1.811428,
          50.881834
        ]
      },
      "properties": {
        "nom": "Tricat",
        "type": "SP",
        "SAT": "",
        "acces": "",
        "appareil": "T1",
        "description": "",
        "hors_patrimoine": true
      }
    },
    {
      "type": "Feature",
      "geometry": {
        "type": "Point",
        "coordinates": [
          1.811417,
          50.881794
        ]
      },
      "properties": {
        "nom": "Tricat",
        "type": "SP",
        "SAT": "",
        "acces": "",
        "appareil": "IMP A",
        "description": "",
        "hors_patrimoine": false
      }
    },
    {
      "type": "Feature",
      "geometry": {
        "type": "Point",
        "coordinates": [
          1.811417,
          50.881794
        ]
      },
      "properties": {
        "nom": "Tricat",
        "type": "SP",
        "SAT": "",
        "acces": "",
        "appareil": "T4",
        "description": "",
        "hors_patrimoine": true
      }
    },
    {
      "type": "Feature",
      "geometry": {
        "type": "Point",
        "coordinates": [
          1.811299,
          50.881433
        ]
      },
      "properties": {
        "nom": "Tricat",
        "type": "SP",
        "SAT": "",
        "acces": "",
        "appareil": "TT 5936",
        "description": "",
        "hors_patrimoine": false
      }
    },
    {
      "type": "Feature",
      "geometry": {
        "type": "Point",
        "coordinates": [
          1.811453,
          50.881406
        ]
      },
      "properties": {
        "nom": "Tricat",
        "type": "SP",
        "SAT": "",
        "acces": "",
        "appareil": "TT 5935",
        "description": "",
        "hors_patrimoine": false
      }
    },
    {
      "type": "Feature",
      "geometry": {
        "type": "Point",
        "coordinates": [
          1.811575,
          50.881776
        ]
      },
      "properties": {
        "nom": "Tricat",
        "type": "SP",
        "SAT": "",
        "acces": "",
        "appareil": "SM1",
        "description": "",
        "hors_patrimoine": false
      }
    },
    {
      "type": "Feature",
      "geometry": {
        "type": "Point",
        "coordinates": [
          1.811591,
          50.881897
        ]
      },
      "properties": {
        "nom": "Tricat",
        "type": "SP",
        "SAT": "",
        "acces": "",
        "appareil": "TSA",
        "description": "",
        "hors_patrimoine": false
      }
    },
    {
      "type": "Feature",
      "geometry": {
        "type": "Point",
        "coordinates": [
          1.811591,
          50.881897
        ]
      },
      "properties": {
        "nom": "Tricat",
        "type": "SP",
        "SAT": "",
        "acces": "",
        "appareil": "284-26A",
        "description": "",
        "hors_patrimoine": true
      }
    },
    {
      "type": "Feature",
      "geometry": {
        "type": "Point",
        "coordinates": [
          1.811697,
          50.882277
        ]
      },
      "properties": {
        "nom": "Tricat",
        "type": "SP",
        "SAT": "",
        "acces": "",
        "appareil": "TT 7210",
        "description": "",
        "hors_patrimoine": false
      }
    },
    {
      "type": "Feature",
      "geometry": {
        "type": "Point",
        "coordinates": [
          1.811566,
          50.882291
        ]
      },
      "properties": {
        "nom": "Tricat",
        "type": "SP",
        "SAT": "",
        "acces": "",
        "appareil": "TT 7209",
        "description": "",
        "hors_patrimoine": false
      }
    },
    {
      "type": "Feature",
      "geometry": {
        "type": "Point",
        "coordinates": [
          1.811473,
          50.881997
        ]
      },
      "properties": {
        "nom": "Tricat",
        "type": "SP",
        "SAT": "",
        "acces": "",
        "appareil": "SM2",
        "description": "",
        "hors_patrimoine": false
      }
    },
    {
      "type": "Feature",
      "geometry": {
        "type": "Point",
        "coordinates": [
          1.81146,
          50.881958
        ]
      },
      "properties": {
        "nom": "Tricat",
        "type": "SP",
        "SAT": "",
        "acces": "",
        "appareil": "IMP C",
        "description": "",
        "hors_patrimoine": false
      }
    },
    {
      "type": "Feature",
      "geometry": {
        "type": "Point",
        "coordinates": [
          1.81146,
          50.881958
        ]
      },
      "properties": {
        "nom": "Tricat",
        "type": "SP",
        "SAT": "",
        "acces": "",
        "appareil": "T3",
        "description": "",
        "hors_patrimoine": true
      }
    },
    {
      "type": "Feature",
      "geometry": {
        "type": "Point",
        "coordinates": [
          1.811456,
          50.881908
        ]
      },
      "properties": {
        "nom": "Tricat",
        "type": "SP",
        "SAT": "",
        "acces": "",
        "appareil": "IP2",
        "description": "",
        "hors_patrimoine": false
      }
    },
    {
      "type": "Feature",
      "geometry": {
        "type": "Point",
        "coordinates": [
          1.811456,
          50.881908
        ]
      },
      "properties": {
        "nom": "Tricat",
        "type": "SP",
        "SAT": "",
        "acces": "",
        "appareil": "T2",
        "description": "",
        "hors_patrimoine": true
      }
    },
    {
      "type": "Feature",
      "geometry": {
        "type": "Point",
        "coordinates": [
          2.548109,
          50.7579
        ]
      },
      "properties": {
        "nom": "Brearde",
        "type": "SP",
        "SAT": "",
        "acces": "",
        "appareil": "AT1",
        "description": "",
        "hors_patrimoine": false
      }
    },
    {
      "type": "Feature",
      "geometry": {
        "type": "Point",
        "coordinates": [
          2.548047,
          50.757914
        ]
      },
      "properties": {
        "nom": "Brearde",
        "type": "SP",
        "SAT": "",
        "acces": "",
        "appareil": "IL1",
        "description": "",
        "hors_patrimoine": false
      }
    },
    {
      "type": "Feature",
      "geometry": {
        "type": "Point",
        "coordinates": [
          2.548047,
          50.757914
        ]
      },
      "properties": {
        "nom": "Brearde",
        "type": "SP",
        "SAT": "",
        "acces": "",
        "appareil": "SAT1",
        "description": "",
        "hors_patrimoine": false
      }
    },
    {
      "type": "Feature",
      "geometry": {
        "type": "Point",
        "coordinates": [
          2.548017,
          50.757931
        ]
      },
      "properties": {
        "nom": "Brearde",
        "type": "SP",
        "SAT": "",
        "acces": "",
        "appareil": "TSA1",
        "description": "",
        "hors_patrimoine": false
      }
    },
    {
      "type": "Feature",
      "geometry": {
        "type": "Point",
        "coordinates": [
          2.547987,
          50.757923
        ]
      },
      "properties": {
        "nom": "Brearde",
        "type": "SP",
        "SAT": "",
        "acces": "",
        "appareil": "IL2",
        "description": "",
        "hors_patrimoine": false
      }
    },
    {
      "type": "Feature",
      "geometry": {
        "type": "Point",
        "coordinates": [
          2.547925,
          50.757934
        ]
      },
      "properties": {
        "nom": "Brearde",
        "type": "SP",
        "SAT": "",
        "acces": "",
        "appareil": "IP",
        "description": "",
        "hors_patrimoine": false
      }
    },
    {
      "type": "Feature",
      "geometry": {
        "type": "Point",
        "coordinates": [
          2.547854,
          50.757943
        ]
      },
      "properties": {
        "nom": "Brearde",
        "type": "SP",
        "SAT": "",
        "acces": "",
        "appareil": "IL4",
        "description": "",
        "hors_patrimoine": false
      }
    },
    {
      "type": "Feature",
      "geometry": {
        "type": "Point",
        "coordinates": [
          2.547825,
          50.757959
        ]
      },
      "properties": {
        "nom": "Brearde",
        "type": "SP",
        "SAT": "",
        "acces": "",
        "appareil": "TSA2",
        "description": "",
        "hors_patrimoine": false
      }
    },
    {
      "type": "Feature",
      "geometry": {
        "type": "Point",
        "coordinates": [
          2.547797,
          50.757956
        ]
      },
      "properties": {
        "nom": "Brearde",
        "type": "SP",
        "SAT": "",
        "acces": "",
        "appareil": "IL3",
        "description": "",
        "hors_patrimoine": false
      }
    },
    {
      "type": "Feature",
      "geometry": {
        "type": "Point",
        "coordinates": [
          2.547797,
          50.757956
        ]
      },
      "properties": {
        "nom": "Brearde",
        "type": "SP",
        "SAT": "",
        "acces": "",
        "appareil": "SAT2",
        "description": "",
        "hors_patrimoine": false
      }
    },
    {
      "type": "Feature",
      "geometry": {
        "type": "Point",
        "coordinates": [
          2.547735,
          50.757968
        ]
      },
      "properties": {
        "nom": "Brearde",
        "type": "SP",
        "SAT": "",
        "acces": "",
        "appareil": "AT2",
        "description": "",
        "hors_patrimoine": false
      }
    },
    {
      "type": "Feature",
      "geometry": {
        "type": "Point",
        "coordinates": [
          2.548054,
          50.757977
        ]
      },
      "properties": {
        "nom": "Brearde",
        "type": "SP",
        "SAT": "",
        "acces": "",
        "appareil": "TT 579",
        "description": "Flamengrie- Brearde V1",
        "hors_patrimoine": false
      }
    },
    {
      "type": "Feature",
      "geometry": {
        "type": "Point",
        "coordinates": [
          2.54798,
          50.75799
        ]
      },
      "properties": {
        "nom": "Brearde",
        "type": "SP",
        "SAT": "",
        "acces": "",
        "appareil": "TT 576",
        "description": "Flamengrie - Brearde V2",
        "hors_patrimoine": false
      }
    },
    {
      "type": "Feature",
      "geometry": {
        "type": "Point",
        "coordinates": [
          2.547855,
          50.758012
        ]
      },
      "properties": {
        "nom": "Brearde",
        "type": "SP",
        "SAT": "",
        "acces": "",
        "appareil": "TT 602",
        "description": "Ruminghem - Brearde V2",
        "hors_patrimoine": false
      }
    },
    {
      "type": "Feature",
      "geometry": {
        "type": "Point",
        "coordinates": [
          2.547804,
          50.758018
        ]
      },
      "properties": {
        "nom": "Brearde",
        "type": "SP",
        "SAT": "",
        "acces": "",
        "appareil": "TT 603",
        "description": "Ruminghem - Brearde V1",
        "hors_patrimoine": false
      }
    },
    {
      "type": "Feature",
      "geometry": {
        "type": "Point",
        "coordinates": [
          2.547947,
          50.757999
        ]
      },
      "properties": {
        "nom": "Brearde",
        "type": "SP",
        "SAT": "",
        "acces": "",
        "appareil": "SM2",
        "description": "",
        "hors_patrimoine": false
      }
    },
    {
      "type": "Feature",
      "geometry": {
        "type": "Point",
        "coordinates": [
          2.547685,
          50.758046
        ]
      },
      "properties": {
        "nom": "Brearde",
        "type": "SP",
        "SAT": "",
        "acces": "",
        "appareil": "SM1",
        "description": "",
        "hors_patrimoine": false
      }
    },
    {
      "type": "Feature",
      "geometry": {
        "type": "Point",
        "coordinates": [
          2.547804,
          50.758018
        ]
      },
      "properties": {
        "nom": "Brearde",
        "type": "SP",
        "SAT": "",
        "acces": "",
        "appareil": "T3",
        "description": "",
        "hors_patrimoine": true
      }
    },
    {
      "type": "Feature",
      "geometry": {
        "type": "Point",
        "coordinates": [
          2.547855,
          50.758012
        ]
      },
      "properties": {
        "nom": "Brearde",
        "type": "SP",
        "SAT": "",
        "acces": "",
        "appareil": "T4",
        "description": "",
        "hors_patrimoine": true
      }
    },
    {
      "type": "Feature",
      "geometry": {
        "type": "Point",
        "coordinates": [
          2.54798,
          50.75799
        ]
      },
      "properties": {
        "nom": "Brearde",
        "type": "SP",
        "SAT": "",
        "acces": "",
        "appareil": "T2",
        "description": "",
        "hors_patrimoine": true
      }
    },
    {
      "type": "Feature",
      "geometry": {
        "type": "Point",
        "coordinates": [
          2.548054,
          50.757977
        ]
      },
      "properties": {
        "nom": "Brearde",
        "type": "SP",
        "SAT": "",
        "acces": "",
        "appareil": "T1",
        "description": "",
        "hors_patrimoine": true
      }
    },
    {
      "type": "Feature",
      "geometry": {
        "type": "Point",
        "coordinates": [
          3.019874,
          50.6524
        ]
      },
      "properties": {
        "nom": "Lomme",
        "type": "SP",
        "SAT": "",
        "acces": "",
        "appareil": "IP1",
        "description": "",
        "hors_patrimoine": false
      }
    },
    {
      "type": "Feature",
      "geometry": {
        "type": "Point",
        "coordinates": [
          3.01982,
          50.652373
        ]
      },
      "properties": {
        "nom": "Lomme",
        "type": "SP",
        "SAT": "",
        "acces": "",
        "appareil": "IMP2",
        "description": "",
        "hors_patrimoine": false
      }
    },
    {
      "type": "Feature",
      "geometry": {
        "type": "Point",
        "coordinates": [
          3.01982,
          50.652373
        ]
      },
      "properties": {
        "nom": "Lomme",
        "type": "SP",
        "SAT": "",
        "acces": "",
        "appareil": "IP2",
        "description": "",
        "hors_patrimoine": false
      }
    },
    {
      "type": "Feature",
      "geometry": {
        "type": "Point",
        "coordinates": [
          3.019768,
          50.652351
        ]
      },
      "properties": {
        "nom": "Lomme",
        "type": "SP",
        "SAT": "",
        "acces": "",
        "appareil": "IMP1",
        "description": "",
        "hors_patrimoine": false
      }
    },
    {
      "type": "Feature",
      "geometry": {
        "type": "Point",
        "coordinates": [
          3.019916,
          50.652287
        ]
      },
      "properties": {
        "nom": "Lomme",
        "type": "SP",
        "SAT": "",
        "acces": "",
        "appareil": "TT 12",
        "description": "Sel 5704",
        "hors_patrimoine": false
      }
    },
    {
      "type": "Feature",
      "geometry": {
        "type": "Point",
        "coordinates": [
          3.019503,
          50.652191
        ]
      },
      "properties": {
        "nom": "Lomme",
        "type": "SP",
        "SAT": "",
        "acces": "",
        "appareil": "TT 11",
        "description": "SEL 5703",
        "hors_patrimoine": false
      }
    },
    {
      "type": "Feature",
      "geometry": {
        "type": "Point",
        "coordinates": [
          3.019768,
          50.652351
        ]
      },
      "properties": {
        "nom": "Lomme",
        "type": "SP",
        "SAT": "",
        "acces": "",
        "appareil": "T3",
        "description": "",
        "hors_patrimoine": true
      }
    },
    {
      "type": "Feature",
      "geometry": {
        "type": "Point",
        "coordinates": [
          3.01982,
          50.652373
        ]
      },
      "properties": {
        "nom": "Lomme",
        "type": "SP",
        "SAT": "",
        "acces": "",
        "appareil": "T2",
        "description": "",
        "hors_patrimoine": true
      }
    },
    {
      "type": "Feature",
      "geometry": {
        "type": "Point",
        "coordinates": [
          3.01982,
          50.652373
        ]
      },
      "properties": {
        "nom": "Lomme",
        "type": "SP",
        "SAT": "",
        "acces": "",
        "appareil": "T4",
        "description": "",
        "hors_patrimoine": true
      }
    },
    {
      "type": "Feature",
      "geometry": {
        "type": "Point",
        "coordinates": [
          3.019874,
          50.6524
        ]
      },
      "properties": {
        "nom": "Lomme",
        "type": "SP",
        "SAT": "",
        "acces": "",
        "appareil": "T1",
        "description": "",
        "hors_patrimoine": true
      }
    },
    {
      "type": "Feature",
      "geometry": {
        "type": "Point",
        "coordinates": [
          3.078966,
          50.611196
        ]
      },
      "properties": {
        "nom": "Justice",
        "type": "SSP",
        "SAT": "",
        "acces": "",
        "appareil": "SM1",
        "description": "",
        "hors_patrimoine": false
      }
    },
    {
      "type": "Feature",
      "geometry": {
        "type": "Point",
        "coordinates": [
          3.082997,
          50.611099
        ]
      },
      "properties": {
        "nom": "Justice",
        "type": "SSP",
        "SAT": "SAT3",
        "acces": "",
        "appareil": "F3",
        "description": "Sectionneur motorisé",
        "hors_patrimoine": false
      }
    },
    {
      "type": "Feature",
      "geometry": {
        "type": "Point",
        "coordinates": [
          3.082997,
          50.611099
        ]
      },
      "properties": {
        "nom": "Justice",
        "type": "SSP",
        "SAT": "SAT3",
        "acces": "",
        "appareil": "F5",
        "description": "Sectionneur motorisé",
        "hors_patrimoine": false
      }
    },
    {
      "type": "Feature",
      "geometry": {
        "type": "Point",
        "coordinates": [
          3.081851,
          50.611121
        ]
      },
      "properties": {
        "nom": "Justice",
        "type": "SSP",
        "SAT": "SAT3",
        "acces": "",
        "appareil": "I5202",
        "description": "",
        "hors_patrimoine": false
      }
    },
    {
      "type": "Feature",
      "geometry": {
        "type": "Point",
        "coordinates": [
          3.081769,
          50.61113
        ]
      },
      "properties": {
        "nom": "Justice",
        "type": "SSP",
        "SAT": "SAT3",
        "acces": "",
        "appareil": "F4",
        "description": "Sectionneur motorisé",
        "hors_patrimoine": false
      }
    },
    {
      "type": "Feature",
      "geometry": {
        "type": "Point",
        "coordinates": [
          3.081972,
          50.611263
        ]
      },
      "properties": {
        "nom": "Justice",
        "type": "SSP",
        "SAT": "",
        "acces": "",
        "appareil": "IL4",
        "description": "",
        "hors_patrimoine": false
      }
    },
    {
      "type": "Feature",
      "geometry": {
        "type": "Point",
        "coordinates": [
          3.081972,
          50.611263
        ]
      },
      "properties": {
        "nom": "Justice",
        "type": "SSP",
        "SAT": "",
        "acces": "",
        "appareil": "B/IL4",
        "description": "",
        "hors_patrimoine": true
      }
    },
    {
      "type": "Feature",
      "geometry": {
        "type": "Point",
        "coordinates": [
          3.081972,
          50.611263
        ]
      },
      "properties": {
        "nom": "Justice",
        "type": "SSP",
        "SAT": "",
        "acces": "",
        "appareil": "TT Lion d'or Justice V2",
        "description": "",
        "hors_patrimoine": false
      }
    },
    {
      "type": "Feature",
      "geometry": {
        "type": "Point",
        "coordinates": [
          3.081908,
          50.611268
        ]
      },
      "properties": {
        "nom": "Justice",
        "type": "SSP",
        "SAT": "",
        "acces": "",
        "appareil": "IL3",
        "description": "",
        "hors_patrimoine": false
      }
    },
    {
      "type": "Feature",
      "geometry": {
        "type": "Point",
        "coordinates": [
          3.081908,
          50.611268
        ]
      },
      "properties": {
        "nom": "Justice",
        "type": "SSP",
        "SAT": "",
        "acces": "",
        "appareil": "B/IL3",
        "description": "",
        "hors_patrimoine": true
      }
    },
    {
      "type": "Feature",
      "geometry": {
        "type": "Point",
        "coordinates": [
          3.081908,
          50.611268
        ]
      },
      "properties": {
        "nom": "Justice",
        "type": "SSP",
        "SAT": "",
        "acces": "",
        "appareil": "TT Lion d'or - Justice V1",
        "description": "",
        "hors_patrimoine": false
      }
    },
    {
      "type": "Feature",
      "geometry": {
        "type": "Point",
        "coordinates": [
          3.081879,
          50.611262
        ]
      },
      "properties": {
        "nom": "Justice",
        "type": "SSP",
        "SAT": "",
        "acces": "",
        "appareil": "F 5205",
        "description": "Sectionneur motorisé",
        "hors_patrimoine": false
      }
    },
    {
      "type": "Feature",
      "geometry": {
        "type": "Point",
        "coordinates": [
          3.081879,
          50.611262
        ]
      },
      "properties": {
        "nom": "Justice",
        "type": "SSP",
        "SAT": "",
        "acces": "",
        "appareil": "F 5203",
        "description": "Sectionneur motorisé",
        "hors_patrimoine": false
      }
    },
    {
      "type": "Feature",
      "geometry": {
        "type": "Point",
        "coordinates": [
          3.081879,
          50.611262
        ]
      },
      "properties": {
        "nom": "Justice",
        "type": "SSP",
        "SAT": "",
        "acces": "",
        "appareil": "F 5207",
        "description": "Sectionneur motorisé",
        "hors_patrimoine": false
      }
    },
    {
      "type": "Feature",
      "geometry": {
        "type": "Point",
        "coordinates": [
          3.081846,
          50.611265
        ]
      },
      "properties": {
        "nom": "Justice",
        "type": "SSP",
        "SAT": "",
        "acces": "",
        "appareil": "IL1",
        "description": "",
        "hors_patrimoine": false
      }
    },
    {
      "type": "Feature",
      "geometry": {
        "type": "Point",
        "coordinates": [
          3.081846,
          50.611265
        ]
      },
      "properties": {
        "nom": "Justice",
        "type": "SSP",
        "SAT": "",
        "acces": "",
        "appareil": "B/IL1",
        "description": "",
        "hors_patrimoine": true
      }
    },
    {
      "type": "Feature",
      "geometry": {
        "type": "Point",
        "coordinates": [
          3.081846,
          50.611265
        ]
      },
      "properties": {
        "nom": "Justice",
        "type": "SSP",
        "SAT": "",
        "acces": "",
        "appareil": "TT Lille Sud - Lesquin V1",
        "description": "",
        "hors_patrimoine": false
      }
    },
    {
      "type": "Feature",
      "geometry": {
        "type": "Point",
        "coordinates": [
          3.081778,
          50.611248
        ]
      },
      "properties": {
        "nom": "Justice",
        "type": "SSP",
        "SAT": "",
        "acces": "",
        "appareil": "IL2",
        "description": "",
        "hors_patrimoine": false
      }
    },
    {
      "type": "Feature",
      "geometry": {
        "type": "Point",
        "coordinates": [
          3.081778,
          50.611248
        ]
      },
      "properties": {
        "nom": "Justice",
        "type": "SSP",
        "SAT": "",
        "acces": "",
        "appareil": "B/IL2",
        "description": "",
        "hors_patrimoine": true
      }
    },
    {
      "type": "Feature",
      "geometry": {
        "type": "Point",
        "coordinates": [
          3.081778,
          50.611248
        ]
      },
      "properties": {
        "nom": "Justice",
        "type": "SSP",
        "SAT": "",
        "acces": "",
        "appareil": "TT Lille Sud - Lesquin V2",
        "description": "",
        "hors_patrimoine": false
      }
    },
    {
      "type": "Feature",
      "geometry": {
        "type": "Point",
        "coordinates": [
          3.08172,
          50.611242
        ]
      },
      "properties": {
        "nom": "Justice",
        "type": "SSP",
        "SAT": "",
        "acces": "",
        "appareil": "IP",
        "description": "",
        "hors_patrimoine": false
      }
    },
    {
      "type": "Feature",
      "geometry": {
        "type": "Point",
        "coordinates": [
          3.08172,
          50.611242
        ]
      },
      "properties": {
        "nom": "Justice",
        "type": "SSP",
        "SAT": "",
        "acces": "",
        "appareil": "B/IP",
        "description": "",
        "hors_patrimoine": true
      }
    },
    {
      "type": "Feature",
      "geometry": {
        "type": "Point",
        "coordinates": [
          3.081652,
          50.611245
        ]
      },
      "properties": {
        "nom": "Justice",
        "type": "SSP",
        "SAT": "",
        "acces": "",
        "appareil": "TT FEEDER",
        "description": "",
        "hors_patrimoine": false
      }
    },
    {
      "type": "Feature",
      "geometry": {
        "type": "Point",
        "coordinates": [
          3.081427,
          50.61124
        ]
      },
      "properties": {
        "nom": "Justice",
        "type": "SSP",
        "SAT": "",
        "acces": "",
        "appareil": "F2",
        "description": "Sectionneur motorisé",
        "hors_patrimoine": false
      }
    },
    {
      "type": "Feature",
      "geometry": {
        "type": "Point",
        "coordinates": [
          3.10974,
          50.601359
        ]
      },
      "properties": {
        "nom": "Lesquin",
        "type": "SP",
        "SAT": "",
        "acces": "",
        "appareil": "SM1",
        "description": "",
        "hors_patrimoine": false
      }
    },
    {
      "type": "Feature",
      "geometry": {
        "type": "Point",
        "coordinates": [
          2.382301,
          51.002609
        ]
      },
      "properties": {
        "nom": "Coudekerque",
        "type": "SST",
        "SAT": "SAT1",
        "acces": "I1",
        "appareil": "I1",
        "description": "",
        "hors_patrimoine": false
      }
    },
    {
      "type": "Feature",
      "geometry": {
        "type": "Point",
        "coordinates": [
          2.382613,
          51.002328
        ]
      },
      "properties": {
        "nom": "Coudekerque",
        "type": "SST",
        "SAT": "SAT1",
        "acces": "",
        "appareil": "I2",
        "description": "",
        "hors_patrimoine": false
      }
    },
    {
      "type": "Feature",
      "geometry": {
        "type": "Point",
        "coordinates": [
          2.38006,
          51.006396
        ]
      },
      "properties": {
        "nom": "Coudekerque",
        "type": "SST",
        "SAT": "SAT2",
        "acces": "",
        "appareil": "P4",
        "description": "",
        "hors_patrimoine": false
      }
    },
    {
      "type": "Feature",
      "geometry": {
        "type": "Point",
        "coordinates": [
          2.380038,
          51.006436
        ]
      },
      "properties": {
        "nom": "Coudekerque",
        "type": "SST",
        "SAT": "SAT2",
        "acces": "",
        "appareil": "P3",
        "description": "",
        "hors_patrimoine": false
      }
    },
    {
      "type": "Feature",
      "geometry": {
        "type": "Point",
        "coordinates": [
          2.390964,
          50.99475
        ]
      },
      "properties": {
        "nom": "Coudekerque",
        "type": "SST",
        "SAT": "",
        "acces": "",
        "appareil": "S11",
        "description": "90kv : Dunes - Grande Synthe",
        "hors_patrimoine": false
      }
    },
    {
      "type": "Feature",
      "geometry": {
        "type": "Point",
        "coordinates": [
          2.390843,
          50.994692
        ]
      },
      "properties": {
        "nom": "Coudekerque",
        "type": "SST",
        "SAT": "",
        "acces": "",
        "appareil": "S21",
        "description": "90kv: Holque - Noord Gracht",
        "hors_patrimoine": false
      }
    },
    {
      "type": "Feature",
      "geometry": {
        "type": "Point",
        "coordinates": [
          2.3908,
          50.994742
        ]
      },
      "properties": {
        "nom": "Coudekerque",
        "type": "SST",
        "SAT": "",
        "acces": "",
        "appareil": "TT 4",
        "description": "",
        "hors_patrimoine": false
      }
    },
    {
      "type": "Feature",
      "geometry": {
        "type": "Point",
        "coordinates": [
          2.390907,
          50.994818
        ]
      },
      "properties": {
        "nom": "Coudekerque",
        "type": "SST",
        "SAT": "",
        "acces": "",
        "appareil": "TC 0",
        "description": "",
        "hors_patrimoine": false
      }
    },
    {
      "type": "Feature",
      "geometry": {
        "type": "Point",
        "coordinates": [
          2.390892,
          50.994833
        ]
      },
      "properties": {
        "nom": "Coudekerque",
        "type": "SST",
        "SAT": "",
        "acces": "",
        "appareil": "TT 0",
        "description": "",
        "hors_patrimoine": false
      }
    },
    {
      "type": "Feature",
      "geometry": {
        "type": "Point",
        "coordinates": [
          2.390745,
          50.994832
        ]
      },
      "properties": {
        "nom": "Coudekerque",
        "type": "SST",
        "SAT": "",
        "acces": "",
        "appareil": "D2",
        "description": "",
        "hors_patrimoine": false
      }
    },
    {
      "type": "Feature",
      "geometry": {
        "type": "Point",
        "coordinates": [
          2.390785,
          50.99482
        ]
      },
      "properties": {
        "nom": "Coudekerque",
        "type": "SST",
        "SAT": "",
        "acces": "",
        "appareil": "S2",
        "description": "",
        "hors_patrimoine": false
      }
    },
    {
      "type": "Feature",
      "geometry": {
        "type": "Point",
        "coordinates": [
          2.390853,
          50.994859
        ]
      },
      "properties": {
        "nom": "Coudekerque",
        "type": "SST",
        "SAT": "",
        "acces": "",
        "appareil": "S1",
        "description": "",
        "hors_patrimoine": false
      }
    },
    {
      "type": "Feature",
      "geometry": {
        "type": "Point",
        "coordinates": [
          2.390818,
          50.994871
        ]
      },
      "properties": {
        "nom": "Coudekerque",
        "type": "SST",
        "SAT": "",
        "acces": "",
        "appareil": "D1",
        "description": "",
        "hors_patrimoine": false
      }
    },
    {
      "type": "Feature",
      "geometry": {
        "type": "Point",
        "coordinates": [
          2.390634,
          50.994923
        ]
      },
      "properties": {
        "nom": "Coudekerque",
        "type": "SST",
        "SAT": "",
        "acces": "",
        "appareil": "B2",
        "description": "",
        "hors_patrimoine": false
      }
    },
    {
      "type": "Feature",
      "geometry": {
        "type": "Point",
        "coordinates": [
          2.390705,
          50.994951
        ]
      },
      "properties": {
        "nom": "Coudekerque",
        "type": "SST",
        "SAT": "",
        "acces": "",
        "appareil": "B1",
        "description": "",
        "hors_patrimoine": false
      }
    },
    {
      "type": "Feature",
      "geometry": {
        "type": "Point",
        "coordinates": [
          2.390642,
          50.994993
        ]
      },
      "properties": {
        "nom": "Coudekerque",
        "type": "SST",
        "SAT": "",
        "acces": "",
        "appareil": "TSA1",
        "description": "",
        "hors_patrimoine": false
      }
    },
    {
      "type": "Feature",
      "geometry": {
        "type": "Point",
        "coordinates": [
          2.390642,
          50.994993
        ]
      },
      "properties": {
        "nom": "Coudekerque",
        "type": "SST",
        "SAT": "",
        "acces": "",
        "appareil": "SRB1",
        "description": "",
        "hors_patrimoine": false
      }
    },
    {
      "type": "Feature",
      "geometry": {
        "type": "Point",
        "coordinates": [
          2.390577,
          50.994956
        ]
      },
      "properties": {
        "nom": "Coudekerque",
        "type": "SST",
        "SAT": "",
        "acces": "",
        "appareil": "TSA2",
        "description": "",
        "hors_patrimoine": false
      }
    },
    {
      "type": "Feature",
      "geometry": {
        "type": "Point",
        "coordinates": [
          2.390577,
          50.994956
        ]
      },
      "properties": {
        "nom": "Coudekerque",
        "type": "SST",
        "SAT": "",
        "acces": "",
        "appareil": "SRB2",
        "description": "",
        "hors_patrimoine": false
      }
    },
    {
      "type": "Feature",
      "geometry": {
        "type": "Point",
        "coordinates": [
          2.390513,
          50.99497
        ]
      },
      "properties": {
        "nom": "Coudekerque",
        "type": "SST",
        "SAT": "",
        "acces": "",
        "appareil": "SK",
        "description": "",
        "hors_patrimoine": false
      }
    },
    {
      "type": "Feature",
      "geometry": {
        "type": "Point",
        "coordinates": [
          2.390513,
          50.99497
        ]
      },
      "properties": {
        "nom": "Coudekerque",
        "type": "SST",
        "SAT": "",
        "acces": "",
        "appareil": "DK",
        "description": "",
        "hors_patrimoine": false
      }
    },
    {
      "type": "Feature",
      "geometry": {
        "type": "Point",
        "coordinates": [
          2.390538,
          50.994996
        ]
      },
      "properties": {
        "nom": "Coudekerque",
        "type": "SST",
        "SAT": "",
        "acces": "",
        "appareil": "SDL",
        "description": "",
        "hors_patrimoine": false
      }
    },
    {
      "type": "Feature",
      "geometry": {
        "type": "Point",
        "coordinates": [
          2.390538,
          50.994996
        ]
      },
      "properties": {
        "nom": "Coudekerque",
        "type": "SST",
        "SAT": "",
        "acces": "",
        "appareil": "SB1",
        "description": "",
        "hors_patrimoine": false
      }
    },
    {
      "type": "Feature",
      "geometry": {
        "type": "Point",
        "coordinates": [
          2.39059,
          50.995022
        ]
      },
      "properties": {
        "nom": "Coudekerque",
        "type": "SST",
        "SAT": "",
        "acces": "",
        "appareil": "DL",
        "description": "",
        "hors_patrimoine": false
      }
    },
    {
      "type": "Feature",
      "geometry": {
        "type": "Point",
        "coordinates": [
          2.39059,
          50.995022
        ]
      },
      "properties": {
        "nom": "Coudekerque",
        "type": "SST",
        "SAT": "",
        "acces": "",
        "appareil": "TT DL",
        "description": "",
        "hors_patrimoine": false
      }
    },
    {
      "type": "Feature",
      "geometry": {
        "type": "Point",
        "coordinates": [
          2.39059,
          50.995022
        ]
      },
      "properties": {
        "nom": "Coudekerque",
        "type": "SST",
        "SAT": "",
        "acces": "",
        "appareil": "TC DL",
        "description": "",
        "hors_patrimoine": false
      }
    },
    {
      "type": "Feature",
      "geometry": {
        "type": "Point",
        "coordinates": [
          2.390628,
          50.995046
        ]
      },
      "properties": {
        "nom": "Coudekerque",
        "type": "SST",
        "SAT": "",
        "acces": "",
        "appareil": "SL",
        "description": "",
        "hors_patrimoine": false
      }
    },
    {
      "type": "Feature",
      "geometry": {
        "type": "Point",
        "coordinates": [
          2.390628,
          50.995046
        ]
      },
      "properties": {
        "nom": "Coudekerque",
        "type": "SST",
        "SAT": "",
        "acces": "",
        "appareil": "SPC1",
        "description": "",
        "hors_patrimoine": false
      }
    },
    {
      "type": "Feature",
      "geometry": {
        "type": "Point",
        "coordinates": [
          2.390599,
          50.995073
        ]
      },
      "properties": {
        "nom": "Coudekerque",
        "type": "SST",
        "SAT": "",
        "acces": "",
        "appareil": "SD",
        "description": "",
        "hors_patrimoine": false
      }
    },
    {
      "type": "Feature",
      "geometry": {
        "type": "Point",
        "coordinates": [
          2.390552,
          50.995047
        ]
      },
      "properties": {
        "nom": "Coudekerque",
        "type": "SST",
        "SAT": "",
        "acces": "",
        "appareil": "DD",
        "description": "",
        "hors_patrimoine": false
      }
    },
    {
      "type": "Feature",
      "geometry": {
        "type": "Point",
        "coordinates": [
          2.390552,
          50.995047
        ]
      },
      "properties": {
        "nom": "Coudekerque",
        "type": "SST",
        "SAT": "",
        "acces": "",
        "appareil": "TT DD",
        "description": "",
        "hors_patrimoine": false
      }
    },
    {
      "type": "Feature",
      "geometry": {
        "type": "Point",
        "coordinates": [
          2.390552,
          50.995047
        ]
      },
      "properties": {
        "nom": "Coudekerque",
        "type": "SST",
        "SAT": "",
        "acces": "",
        "appareil": "TC DD",
        "description": "",
        "hors_patrimoine": false
      }
    },
    {
      "type": "Feature",
      "geometry": {
        "type": "Point",
        "coordinates": [
          2.390502,
          50.995024
        ]
      },
      "properties": {
        "nom": "Coudekerque",
        "type": "SST",
        "SAT": "",
        "acces": "",
        "appareil": "SDD",
        "description": "",
        "hors_patrimoine": false
      }
    },
    {
      "type": "Feature",
      "geometry": {
        "type": "Point",
        "coordinates": [
          2.390476,
          50.99505
        ]
      },
      "properties": {
        "nom": "Coudekerque",
        "type": "SST",
        "SAT": "",
        "acces": "",
        "appareil": "SDP",
        "description": "",
        "hors_patrimoine": false
      }
    },
    {
      "type": "Feature",
      "geometry": {
        "type": "Point",
        "coordinates": [
          2.390476,
          50.99505
        ]
      },
      "properties": {
        "nom": "Coudekerque",
        "type": "SST",
        "SAT": "",
        "acces": "",
        "appareil": "SB2",
        "description": "",
        "hors_patrimoine": false
      }
    },
    {
      "type": "Feature",
      "geometry": {
        "type": "Point",
        "coordinates": [
          2.390515,
          50.995073
        ]
      },
      "properties": {
        "nom": "Coudekerque",
        "type": "SST",
        "SAT": "",
        "acces": "",
        "appareil": "DP",
        "description": "",
        "hors_patrimoine": false
      }
    },
    {
      "type": "Feature",
      "geometry": {
        "type": "Point",
        "coordinates": [
          2.390515,
          50.995073
        ]
      },
      "properties": {
        "nom": "Coudekerque",
        "type": "SST",
        "SAT": "",
        "acces": "",
        "appareil": "TT DP",
        "description": "",
        "hors_patrimoine": false
      }
    },
    {
      "type": "Feature",
      "geometry": {
        "type": "Point",
        "coordinates": [
          2.390515,
          50.995073
        ]
      },
      "properties": {
        "nom": "Coudekerque",
        "type": "SST",
        "SAT": "",
        "acces": "",
        "appareil": "TC DP",
        "description": "",
        "hors_patrimoine": false
      }
    },
    {
      "type": "Feature",
      "geometry": {
        "type": "Point",
        "coordinates": [
          2.390562,
          50.995099
        ]
      },
      "properties": {
        "nom": "Coudekerque",
        "type": "SST",
        "SAT": "",
        "acces": "",
        "appareil": "SP",
        "description": "",
        "hors_patrimoine": false
      }
    },
    {
      "type": "Feature",
      "geometry": {
        "type": "Point",
        "coordinates": [
          2.390562,
          50.995099
        ]
      },
      "properties": {
        "nom": "Coudekerque",
        "type": "SST",
        "SAT": "",
        "acces": "",
        "appareil": "SPC2",
        "description": "",
        "hors_patrimoine": false
      }
    },
    {
      "type": "Feature",
      "geometry": {
        "type": "Point",
        "coordinates": [
          2.390819,
          50.99489
        ]
      },
      "properties": {
        "nom": "Coudekerque",
        "type": "SST",
        "SAT": "",
        "acces": "",
        "appareil": "TT/TC 14",
        "description": "Phase 4",
        "hors_patrimoine": false
      }
    },
    {
      "type": "Feature",
      "geometry": {
        "type": "Point",
        "coordinates": [
          2.39078,
          50.994867
        ]
      },
      "properties": {
        "nom": "Coudekerque",
        "type": "SST",
        "SAT": "",
        "acces": "",
        "appareil": "TT/TC 10",
        "description": "",
        "hors_patrimoine": false
      }
    },
    {
      "type": "Feature",
      "geometry": {
        "type": "Point",
        "coordinates": [
          2.390755,
          50.994852
        ]
      },
      "properties": {
        "nom": "Coudekerque",
        "type": "SST",
        "SAT": "",
        "acces": "",
        "appareil": "TT/TC 20",
        "description": "",
        "hors_patrimoine": false
      }
    },
    {
      "type": "Feature",
      "geometry": {
        "type": "Point",
        "coordinates": [
          2.390707,
          50.994836
        ]
      },
      "properties": {
        "nom": "Coudekerque",
        "type": "SST",
        "SAT": "",
        "acces": "",
        "appareil": "TT/TC 24",
        "description": "",
        "hors_patrimoine": false
      }
    },
    {
      "type": "Feature",
      "geometry": {
        "type": "Point",
        "coordinates": [
          2.390676,
          50.995069
        ]
      },
      "properties": {
        "nom": "Coudekerque",
        "type": "SST",
        "SAT": "",
        "acces": "",
        "appareil": "IS1",
        "description": "",
        "hors_patrimoine": false
      }
    },
    {
      "type": "Feature",
      "geometry": {
        "type": "Point",
        "coordinates": [
          2.390676,
          50.995069
        ]
      },
      "properties": {
        "nom": "Coudekerque",
        "type": "SST",
        "SAT": "",
        "acces": "",
        "appareil": "B/IS1",
        "description": "",
        "hors_patrimoine": false
      }
    },
    {
      "type": "Feature",
      "geometry": {
        "type": "Point",
        "coordinates": [
          2.390648,
          50.995099
        ]
      },
      "properties": {
        "nom": "Coudekerque",
        "type": "SST",
        "SAT": "",
        "acces": "",
        "appareil": "IS2",
        "description": "",
        "hors_patrimoine": false
      }
    },
    {
      "type": "Feature",
      "geometry": {
        "type": "Point",
        "coordinates": [
          2.390648,
          50.995099
        ]
      },
      "properties": {
        "nom": "Coudekerque",
        "type": "SST",
        "SAT": "",
        "acces": "",
        "appareil": "B/IS2",
        "description": "",
        "hors_patrimoine": false
      }
    },
    {
      "type": "Feature",
      "geometry": {
        "type": "Point",
        "coordinates": [
          2.390614,
          50.995125
        ]
      },
      "properties": {
        "nom": "Coudekerque",
        "type": "SST",
        "SAT": "",
        "acces": "",
        "appareil": "IS3",
        "description": "",
        "hors_patrimoine": false
      }
    },
    {
      "type": "Feature",
      "geometry": {
        "type": "Point",
        "coordinates": [
          2.390614,
          50.995125
        ]
      },
      "properties": {
        "nom": "Coudekerque",
        "type": "SST",
        "SAT": "",
        "acces": "",
        "appareil": "B/IS3",
        "description": "",
        "hors_patrimoine": false
      }
    },
    {
      "type": "Feature",
      "geometry": {
        "type": "Point",
        "coordinates": [
          2.390561,
          50.995164
        ]
      },
      "properties": {
        "nom": "Coudekerque",
        "type": "SST",
        "SAT": "",
        "acces": "",
        "appareil": "IS4",
        "description": "",
        "hors_patrimoine": false
      }
    },
    {
      "type": "Feature",
      "geometry": {
        "type": "Point",
        "coordinates": [
          2.390561,
          50.995164
        ]
      },
      "properties": {
        "nom": "Coudekerque",
        "type": "SST",
        "SAT": "",
        "acces": "",
        "appareil": "B/IS4",
        "description": "",
        "hors_patrimoine": false
      }
    },
    {
      "type": "Feature",
      "geometry": {
        "type": "Point",
        "coordinates": [
          2.39052,
          50.995191
        ]
      },
      "properties": {
        "nom": "Coudekerque",
        "type": "SST",
        "SAT": "",
        "acces": "",
        "appareil": "IS5",
        "description": "",
        "hors_patrimoine": false
      }
    },
    {
      "type": "Feature",
      "geometry": {
        "type": "Point",
        "coordinates": [
          2.39052,
          50.995191
        ]
      },
      "properties": {
        "nom": "Coudekerque",
        "type": "SST",
        "SAT": "",
        "acces": "",
        "appareil": "B/IS5",
        "description": "",
        "hors_patrimoine": false
      }
    },
    {
      "type": "Feature",
      "geometry": {
        "type": "Point",
        "coordinates": [
          2.390452,
          50.995169
        ]
      },
      "properties": {
        "nom": "Coudekerque",
        "type": "SST",
        "SAT": "",
        "acces": "",
        "appareil": "IS6",
        "description": "",
        "hors_patrimoine": false
      }
    },
    {
      "type": "Feature",
      "geometry": {
        "type": "Point",
        "coordinates": [
          2.390452,
          50.995169
        ]
      },
      "properties": {
        "nom": "Coudekerque",
        "type": "SST",
        "SAT": "",
        "acces": "",
        "appareil": "B/IS6",
        "description": "",
        "hors_patrimoine": false
      }
    },
    {
      "type": "Feature",
      "geometry": {
        "type": "Point",
        "coordinates": [
          3.088511,
          50.621621
        ]
      },
      "properties": {
        "nom": "Saint Sauveur",
        "type": "L",
        "SAT": "",
        "acces": "",
        "appareil": "I5069",
        "description": "",
        "hors_patrimoine": false
      }
    }
  ]
}
